,division,age,gender,edu,occupation,device_count_5_yr,last_dumped_device,dump_within,dump_reason,did_with_device,did_with_data,miss_dev,memory_dev,miss_another,normally_do,device_to_rep,self_try,self_try_chlng,rprd_usage_chlng,rpr_missing_trait,bad_rep_exp,dev_tknto_rec,dev_rec_chlng,will_dev_rec,prblm_not_recd
0,Dhaka,20-29,Woman,Bachelors,Student,6-8,Smartphone,<2 yr,"2, 3, 6",1,5.0,Y,Y,Y,"1, 4","Smartphone, Desktop, Laptop, Tablet",3,"1, 6, 7","3, 4",5,NC,Desktop,3,,2
1,Dhaka,20-29,Man,High School,Student,4-6,Smartphone,<2 yr,"2, 6",1,5.0,N,N,N,"1, 4","Desktop, Laptop",2,"1, 3, 4, 6","3, 4, 6","1, 4, 6, 7",NC,"Printer , UPS","1, 4",,"1, 2"
2,Dhaka,20-29,Man,High School,Student,3-4,Smartphone,<1 mn,2,6,4.0,Y,Y,N ,1,"Smartphone, Laptop",3,5,3,2,N,Nothing,2,N,2
3,Dhaka,20-29,Man,Bachelors,Student,4-6,Laptop,<1 yr,3,"1, 5",1.0,Y,Y,Y,1,"Smartphone, Desktop, Laptop",2,"1, 3, 5, 6","3, 4","1, 2, 4, 5, 6",NC,Smartphone,"2, 3, 4",N,"1, 2, 3, 4, 5"
4,Dhaka,20-29,Woman,High School,Student,4-6,Smartphone,<4 yr,6,1,5.0,N,Y,Y,"1, 4, 5","Smartphone, Featurephone, Desktop, Laptop","2, 3","5, 6","3, 4","2, 3, 4, 5, 6",NC,Nothing,,N,"1, 2"
5,Dhaka,20-29,Man,High School,Student,4-6,Smartphone,<2 yr,"1, 2, 6",1,1.0,N,N,N,"1, 4",Laptop,"2, 3","5, 6","3, 4",,NC,Nothing,"3, 4",,2
6,Dhaka,20-29,Man,High School,Student,4-6,Desktop,<4 yr,"1, 2, 6","3, 5",4.0,N,Y,N,1,Laptop,1,"1, 5, 6, 7","2, 3, 6","6, 7",NC,Nothing,4,N,"1, 2"
7,Dhaka,20-29,Man,High School,Student,4-6,Smartphone,<2 yr,2,3,5.0,N,N,Y,1,"Smartphone, Desktop",1,4,3,"3, 4",NC,Featurephone,2,Y,2
8,Dhaka,20-29,Man,Bachelors,Student,3-4,Smartphone,<6 mn,"1, 2, 3, 6",1,1.0,N,Y,Y,"1, 4","Smartphone, Laptop",3,"6, 7",1,"2, 4, 5, 6",Y,Featurephone,"1, 2, 3, 4",N,"3, 5"
9,Dhaka,20-29,Man,High School,Student,3-4,Smartphone,<2 yr,"2, 3",1,1.0,N,N,N,1,"Laptop, Tablet",2,"1, 3, 5","3, 4, 6","4, 5, 6",NC,Nothing,1,,"1, 2, 3"
10,Dhaka,20-29,Man,Bachelors,Student,6-8,Tablet,<6 mn,"2, 6",1,5.0,Y,Y,Y,1,"Featurephone, Laptop",3,"4, 5, 6","1, 4","4, 6",NC,Featurephone,4,N,"1, 2"
11,Dhaka,20-29,Woman,Bachelors,Job,6-8,Smartphone,<1 mn,"1, 2, 6",6,4.0,N,N,Y,3,"Smartphone, Laptop",1,4,1,5,NC,Featurephone,1,N,2
12,Dhaka,20-29,Woman,Bachelors,Student,6-8,Smartphone,<6 mn,"1, 2, 6",1,1.0,N,N,N,"1, 4","Smartphone, Laptop","2, 3","4, 6, 7","2, 3, 4",6,NC,Nothing,,,
13,Dhaka,20-29,Man,Bachelors,Student,4-6,Smartphone,<1 yr,7,1,5.0,N,Y,Y,"1, 5","Desktop, Laptop",2,"1, 6, 7",1,"1, 6",N,Nothing,"2, 4",N,"1, 2"
14,Dhaka,20-29,Man,Bachelors,Student,4-6,Laptop,<6 mn,2,3,4.0,N,Y,Y,"1, 4",Laptop,2,"1, 7","2, 3, 4","4, 5, 6",N,Nothing,1,N,"1, 2"
15,Dhaka,20-29,Man,Bachelors,Student,4-6,Smartphone,<4 yr,3,1,2.0,N,Y,Y,"1, 4","Smartphone, Desktop, Laptop","2, 3","5, 7","3, 4","1, 3, 4, 6",Y,Nothing,"1, 3, 4",N,"1, 2"
16,Dhaka,20-29,Man,Bachelors,Student,4-6,Smartphone,<2 yr,"3, 6",1,4.0,N,N,N,"1, 4",Laptop,"2, 3","5, 7","3, 4, 7",3,Y,Nothing,"1, 2, 3, 4",N,"1, 2"
17,Dhaka,20-29,Woman,Bachelors,Job,3-4,Laptop,<6 mn,6,1,1.0,N,N,N,1,Laptop,2,"1, 5","3, 4","1, 4, 5, 6",NC,Smartphone,4,,"1, 2"
18,Dhaka,20-29,Man,Bachelors,Unemployed,3-4,Desktop,<6 mn,3,4,5.0,N,N,Y,"1, 3","Smartphone, Desktop, Laptop, Tablet",1,"5, 6","3, 4","1, 2, 3, 4, 6",NC,"Smartphone, Desktop, Laptop","3, 4",Y,"1, 2, 5"
19,Dhaka,20-29,Man,Masters,Job,4-6,Tablet,<1 yr,6,1,1.0,N,Y,Y,1,"Smartphone, Featurephone, Desktop, Laptop",1,5,1,4,NC,Nothing,1,Y,3
20,Dhaka,20-29,Woman,Masters,Job,3-4,Smartphone,<6 mn,3,1,1.0,N,Y,N,4,"Desktop, Laptop",3,5,1,"3, 5, 6, 7",NC,Nothing,"1, 3, 5",N,"2, 3, 5"
21,Dhaka,20-29,Man,Bachelors,Job,6-8,Smartphone,<4 yr,"1, 4",1,1.0,N,N,N,"1, 4","Smartphone, Laptop","2, 3","1, 6","2, 6","2, 4",Y,Featurephone,3,N,"1, 2"
22,Dhaka,20-29,Man,Bachelors,Teacher,3-4,Smartphone,<2 yr,"3, 4",2,1.0,N,Y,Y,2,Desktop,1,"4, 5, 6","3, 4","1, 6",NC,Nothing,"1, 2",Y,2
23,Dhaka,20-29,Man,High School,Student,6-8,Desktop,<2 yr,3,1,1.0,N,Y,Y,1,"Smartphone, Featurephone, Desktop",3,"1, 3, 4, 7","3, 4, 6","2, 3, 4, 5, 6",Y,Nothing,"1, 2",N,"1, 2"
24,Dhaka,20-29,Man,Bachelors,Teacher,4-6,Smartphone,>4 yr,"2, 3",1,5.0,Y,Y,Y,1,Smartphone,1,1,"1, 3, 4","1, 2, 3, 4, 5, 6, 7",NC,Nothing,"1, 2, 3, 4, 5",N,"1, 2, 3, 4, 5"
25,Dhaka,20-29,Man,Bachelors,Teacher,3-4,Smartphone,<2 yr,"1, 2, 6",1,1.0,N,Y,Y,1,"Smartphone, Laptop",3,"1, 5, 6","2, 3, 4","2, 4",NC,Nothing,"1, 3, 6",N,"4, 5"
26,Dhaka,20-29,Man,Masters,Technical Works,6-8,Smartphone,<6 mn,"1, 6",1,5.0,N,N,N,"1, 3, 4","Smartphone, Desktop, Laptop",3,"4, 5","2, 3, 4","4, 6",NC,"Desktop, Laptop",2,,"1, 2, 3, 5"
27,Dhaka,20-29,Man,Bachelors,Technical Works,1-2,Smartphone,<6 mn,3,1,5.0,Y,Y,Y,1,"Smartphone, Desktop",3,7,"2, 3, 4",5,NC,Nothing,2,N,6
28,Dhaka,1-19,Woman,Bachelors,Student,1-2,Smartphone,<1 mn,1,6,4.0,N,N,N,1,Smartphone,1,4,1,6,NC,Nothing,,,
29,Dhaka,20-29,Man,Bachelors,Unemployed,3-4,Smartphone,<4 yr,3,1,5.0,N,N,N,1,"Smartphone, Desktop, Laptop","2, 3","3, 5, 6, 7","2, 3, 4","5, 6",NC,Nothing,,,"2, 3"
30,Dhaka,20-29,Woman,High School,Student,3-4,Smartphone,<6 mn,"3, 6",1,5.0,Y,Y,Y,"1, 3, 4","Desktop, Laptop","2, 3","1, 5","3, 4","2, 3, 4, 5",N,Featurephone,"3, 4",Y,"1, 2"
31,Dhaka,20-29,Man,Bachelors,Student,3-4,Smartphone,<6 mn,2,1,1.0,Y,N,N,5,"Smartphone, Laptop",1,7,2,6,NC,Nothing,"3, 4, 5",N,2
32,Dhaka,20-29,Man,Bachelors,Job,4-6,Laptop,<6 mn,2,1,1.0,N,Y,Y,1,"Smartphone, Desktop, Laptop",3,"1, 3, 4, 5, 6, 7","3, 4, 5","2, 3, 4, 6",Y,Featurephone,"1, 6",,2
33,Dhaka,20-29,Man,High School,Student,1-2,Smartphone,<2 yr,3,1,1.0,N,N,N,1,Smartphone,1,5,"2, 3, 4","4, 5, 6",N,Nothing,3,N,1
34,Dhaka,20-29,Man,High School,Student,3-4,Featurephone,<2 yr,3,1,1.0,Y,Y,N,1,Smartphone,1,6,1,2,NC,Nothing,"1, 2, 3, 4",,2
35,Dhaka,30-39,Woman,Masters,Teacher,3-4,Tablet,<6 mn,1,7,1.0,N,Y,Y,1,"Smartphone, Desktop, Laptop",2,"1, 5, 7","3, 4","2, 4, 6, 7",NC,Nothing,,N,"2, 5"
36,Dhaka,20-29,Man,Bachelors,Job,10-12,Smartphone,<1 yr,3,1,2.0,Y,Y,N,"1, 4","Smartphone, Desktop, Laptop","1, 2, 3","1, 3, 5, 6","1, 3, 4","1, 2, 3, 4, 5, 6",NC,Nothing,"2, 3, 5, 6",N,"1, 2, 3, 4, 5"
37,Dhaka,1-19,Man,High School,Student,3-4,Smartphone,<1 yr,5,1,3.0,Y,Y,Y,1,"Smartphone, Desktop",3,"1, 3, 6",2,"3, 4, 5, 6",Y,Featurephone,"3, 4",N,"1, 2, 3, 5"
38,Dhaka,20-29,Man,Bachelors,Student,1-2,Featurephone,<4 yr,5,1,,N,N,N,2,"Smartphone, Laptop",3,4,"3, 4","4, 5, 6",NC,Nothing,"1, 2",,"1, 2, 3"
39,Dhaka,20-29,Man,Bachelors,Student,3-4,Smartphone,<4 yr,4,6,5.0,N,N,N,1,Laptop,2,5,2,3,NC,Nothing,3,N,2
40,Dhaka,20-29,Man,Bachelors,Student,3-4,Smartphone,<2 yr,3,1,1.0,N,N,N,4,Smartphone,"2, 3","1, 3, 6, 7","3, 4","2, 5, 6, 7",NC,Nothing,1,,"1, 2"
41,Chittagong,30-39,Woman,Masters,Lawyer  ,4-6,Smartphone,<2 yr,3,1,2.0,N,Y,Y,"1, 5","Smartphone, Laptop",1,5,3,"4, 6",N,Nothing,"1, 3, 4, 5, 6",N,"1, 2"
42,Dhaka,20-29,Man,High School,Student,3-4,Smartphone,<2 yr,3,1,2.0,Y,Y,N,1,"Smartphone, Desktop",3,"4, 5","3, 4","4, 6",NC,Nothing,"3, 4, 5",N,"1, 2"
43,Dhaka,20-29,Woman,High School,Student,1-2,Smartphone,<1 yr,4,1,2.0,Y,N,Y,1,Smartphone,2,2,"3, 6","3, 4",NC,Nothing,,,"1, 2"
44,Dhaka,20-29,Man,Bachelors,Student,10-12,Featurephone,<6 mn,3,1,1.0,NS,N,Y,2,Smartphone,1,4,2,,NC,Nothing,,,
45,Dhaka,20-29,Man,High School,Student,3-4,Smartphone,<1 yr,"2, 6",1,5.0,Y,Y,Y,"1, 4",Smartphone,2,"1, 3",4,"5, 6",N,Featurephone,"1, 2",N,"1, 2"
46,Dhaka,20-29,Woman,Bachelors,Student,3-4,Smartphone,<1 yr,1,1,1.0,Y,Y,Y,1,"Smartphone, Laptop",1,"3, 4, 5","2, 3, 4","3, 4, 5, 6",NC,Nothing,,N,2
47,Dhaka,20-29,Man,Masters,Teacher,6-8,Smartphone,<2 yr,3,1,1.0,Y,Y,Y,2,"Smartphone, Laptop",2,"5, 6","3, 4","1, 6",Y,Smartphone,"1, 3, 4",Y,2
48,Dhaka,20-29,Man,Masters,Teacher,6-8,Smartphone,<2 yr,3,1,1.0,Y,Y,Y,2,"Smartphone, Laptop",2,"5, 6","3, 4","1, 6",Y,Smartphone,"1, 3, 4",Y,2
49,Dhaka,20-29,Man,High School,Student,4-6,Smartphone,<1 yr,6,1,5.0,Y,Y,Y,1,"Smartphone, Laptop",2,"1, 4, 5","1, 2, 3, 4","1, 4, 5",N,Video games,1,N,"1, 2, 4"
50,Dhaka,1-19,Woman,Bachelors,Student,1-2,Smartphone,<4 yr,"2, 3, 6",1,1.0,Y,Y,Y,"1, 2","Smartphone, Laptop",1,"4, 5","2, 3, 4, 6","2, 3, 4, 7",N,Nothing,3,N,"1, 2"
51,Dhaka,20-29,Man,High School,Student,6-8,Featurephone,<4 yr,2,1,1.0,N,N,N,4,"Smartphone, Featurephone, Desktop","2, 3","1, 6, 7",2,"5, 6, 7",NC,Nothing,"1, 2",N,2
52,Dhaka,20-29,Man,High School,Student,12-,Tablet,<4 yr,6,1,3.0,N,Y,Y,1,"Smartphone, Desktop, Laptop",2,"1, 3, 5, 7","1, 3","4, 5, 6",Y,Desktop,2,N,2
53,Dhaka,20-29,Woman,High School,Student,6-8,Tablet,<2 yr,1,"1, 4",5.0,N,N,N,1,"Smartphone, Featurephone, Desktop, Laptop",3,"2, 5",4,"5, 6, 7",NC,Featurephone,"2, 4",,2
54,Dhaka,20-29,Man,High School,Student,3-4,Smartphone,<6 mn,2,"1, 5",5.0,Y,N,N,"1, 4",Smartphone,2,"1, 3, 5, 6, 7","2, 3, 4, 6",1,NC,Nothing,"1, 2, 4, 5, 6",,"1, 2, 3, 5"
55,Dhaka,20-29,Man,Bachelors,Job,6-8,Laptop,<1 yr,"3, 6",1,5.0,N,N,N,1,"Featurephone, Laptop, Tablet","2, 3",6,3,"4, 6",NC,Nothing,,,2
56,Dhaka,20-29,Woman,High School,Student,1-2,Featurephone,>4 yr,7,1,5.0,Y,Y,Y,"1, 4, 6","Smartphone, Desktop, Laptop","2, 3","1, 3, 6","2, 3, 4","3, 4, 6, 7",NC,"Smartphone, Desktop","1, 3, 4",N,"1, 2, 3"
57,Dhaka,20-29,Man,Bachelors,Student,3-4,Smartphone,<2 yr,"2, 6",1,5.0,Y,Y,N,6,"Smartphone, Desktop",3,"1, 3, 6","2, 3","2, 3, 4, 5",Y,Featurephone,"1, 3",N,"1, 2"
58,Dhaka,30-39,Man,Bachelors,Job,4-6,Desktop,<1 yr,"1, 2, 3, 6","1, 5",5.0,Y,Y,N,"1, 6","Desktop, Tablet",3,"1, 5",2,2,N,Desktop,"2, 3, 4, 5",Y,"1, 2, 3, 5"
59,Dhaka,20-29,Man,Bachelors,Teacher,4-6,Smartphone,<6 mn,3,1,2.0,Y,Y,N,"1, 4","Smartphone, Desktop, Laptop",3,"1, 5, 6, 7","3, 4","1, 2, 4, 5",Y,Keyboard,"1, 2, 3, 4",N,2
60,Chittagong,30-39,Man,Masters,Teacher,4-6,Smartphone,<6 mn,"2, 3",1,4.0,N,Y,Y,"1, 4, 6","Smartphone, Desktop, Laptop","2, 3","5, 6",3,"2, 3, 4",Y,Featurephone,"2, 4",N,"1, 2"
61,Dhaka,30-39,Man,Bachelors,Technical Works,6-8,Smartphone,<6 mn,3,1,2.0,Y,N,Y,1,"Smartphone, Desktop, Laptop",2,3,"3, 4, 6","1, 4, 6",NC,Featurephone,"3, 4",N,"1, 2, 3"
62,Dhaka,1-19,Man,High School,Student,1-2,Smartphone,<6 mn,4,6,1.0,Y,Y,N,1,Smartphone,2,"1, 6",4,"1, 2, 3, 4, 5, 6",N,Nothing,"1, 2, 3, 5",N,1
63,Dhaka,70+,Man,Bachelors,Retired,3-4,Smartphone,<1 yr,"1, 2",1,1.0,N,Y,N,"1, 2","Smartphone, Desktop",1,8,"3, 4","3, 5, 6",Y,Nothing,"1, 2, 3",N,2
64,Dhaka,20-29,Man,High School,Student,8-10,Featurephone,<1 yr,4,,1.0,N,Y,Y,"1, 6","Smartphone, Laptop, Tablet",1,"5, 8","3, 4","2, 4",Y,Nothing,2,N,
65,Chittagong,30-39,Man,Bachelors,Business,3-4,Laptop,<2 yr,2,1,5.0,Y,Y,N,1,"Smartphone, Desktop, Laptop",2,"5, 6, 7","3, 4",,NC,Nothing,,N,
66,Dhaka,20-29,Man,Bachelors,Student,3-4,Tablet,<6 mn,2,1,1.0,N,Y,Y,5,Smartphone,2,1,3,2,NC,Desktop,1,Y,1
67,Dhaka,20-29,Man,Bachelors,Student,3-4,Smartphone,<2 yr,"1, 2, 6",1,5.0,N,Y,Y,"1, 4","Smartphone, Featurephone, Tablet",3,"1, 5, 6","3, 4, 6","2, 3, 4, 5, 6",Y,"Keyboard, Mouse","1, 4",N,"1, 2, 3, 4"
68,Dhaka,20-29,Man,Bachelors,Student,6-8,Tablet,<1 yr,1,3,4.0,N,N,Y,2,Tablet,1,"4, 5, 6, 7","3, 4",4,NC,Nothing,1,Y ,"1, 2, 3"
69,Dhaka,20-29,Man,High School,Student,3-4,Smartphone,<4 yr,"3, 6",1,5.0,N,Y,N,"1, 4, 5","Smartphone, Laptop","2, 3","4, 7","2, 3, 6",5,NC,Nothing,"1, 4",N,"1, 2"
70,Rongpur,30-39,Man,Masters,Job,6-8,Smartphone,<2 yr,5,3,4.0,N,Y,Y,"1, 5","Smartphone, Featurephone, Desktop, Laptop, Tablet",1,"1, 5, 6","3, 4","1, 2, 3, 4, 6, 7",Y,Nothing,"1, 2, 4",Y,"1, 2, 4, 5"
71,Dhaka,20-29,Woman,High School,Student,3-4,Tablet,<2 yr,3,1,4.0,N,N,Y,"1, 4","Smartphone, Desktop, Laptop",2,"5, 7","1, 2, 3, 6","2, 3, 4, 6",NC,Nothing,"1, 2, 3, 4",,"2, 4, 5"
72,Dhaka,20-29,Woman,High School,Student,4-6,Smartphone,<1 yr,"3, 6",3,5.0,Y,N,Y,1,Tablet,1,"3, 7","4, 7","4, 6",N ,Nothing,,,
73,Dhaka,30-39,Man,Masters,Banker,12-,Featurephone,>4 yr,5,1,5.0,N,N,Y,5,Smartphone,3,6,4,3,NC,Featurephone,1,,2
74,Dhaka,30-39,Man,Masters,Job,6-8,Smartphone,<2 yr,2,1,1.0,N,N,Y,1,"Smartphone, Desktop",3,"5, 6","4, 7","4, 5, 6",NC,Nothing,"1, 2, 6",Y,"1, 2, 5"
75,Rongpur,20-29,Man,Bachelors,Student,3-4,Smartphone,<6 mn,"1, 2, 6",3,5.0,N,N,N,"1, 4","Smartphone, Featurephone, Desktop, Laptop","2, 3","1, 3, 5","3, 4, 7","1, 2, 3, 5, 6",NC,Console,"1, 3",N,"1, 2"
76,Chittagong,20-29,Man,Masters,Unemployed,4-6,Laptop,<2 yr,"1, 3",1,1.0,N,N,N,1,"Smartphone, Featurephone, Laptop",2,"1, 5, 6","1, 3, 4","1, 2, 4",Y,"Featurephone, Laptop","1, 3",N,"1, 2"
77,Dhaka,30-39,Man,Masters,Job,3-4,Smartphone,<4 yr,3,1,1.0,N,N,N,1,Smartphone,1,"1, 3, 5","3, 4, 7","4, 5, 6",NC,Nothing,,,"1, 2"
78,Dhaka,20-29,Man,Bachelors,Student,4-6,Featurephone,<6 mn,1,1,1.0,N,N,N,1,Featurephone,3,6,"3, 4, 7","4, 5, 6",NC,Nothing,4,,
79,Dhaka,30-39,Man,Masters,Job,8-10,Desktop,<1 yr,"1, 3","1, 3",5.0,N,N,Y,"1, 4","Smartphone, Featurephone, Desktop, Laptop, Tablet",3,6,1,"4, 6",Y,Nothing,"1, 4",N,"1, 2"
80,Dhaka,1-19,Man,SSC,Student,3-4,Smartphone,<2 yr,"2, 3",7,4.0,N,Y,N,1,"Smartphone, Laptop",1,"5, 6","3, 4, 7",,NC,Nothing,"1, 4, 5",N,"1, 2"
81,Dhaka,30-39,Man,Masters,Job,1-2,Smartphone,<1 yr,1,1,1.0,N,N,N,1,"Smartphone, Featurephone, Desktop, Laptop",2,"4, 7",1,"1, 2, 4, 5, 6",NC,Nothing,1,,"1, 2, 5"
82,Dhaka,30-39,Man,Masters,Job,12-,Laptop,<2 yr,2,3,5.0,N,Y,N,"1, 4","Smartphone, Laptop",3,"1, 3, 4, 6","3, 4, 7","2, 3, 6",Y,Nothing,"1, 4",N,"1, 2"
83,Dhaka,20-29,Woman,High School,Student,1-2,Tablet,>4 yr,3,1,5.0,Y,N,N,1,Laptop,2,7,3,3,NC,Nothing,3,,
84,Dhaka,1-19,Woman,High School,Student,4-6,Desktop,<2 yr,8,1,2.0,N,Y,Y,"1, 4","Smartphone, Desktop, Laptop","2, 3","1, 5, 6","4, 7","3, 4, 7",Y,Nothing,4,N,"1, 2, 3"
85,Dhaka,20-29,Man,High School,Student,4-6,Tablet,<2 yr,6,1,1.0,Y,Y,Y,5,"Smartphone, Desktop, Tablet",2,5,1,1,NC,Smartphone,3,Y,1
86,Dhaka,30-39,Man,Bachelors,Doctor,6-8,Tablet,<4 yr,6,7,4.0,N,N,Y,"1, 4","Smartphone, Laptop, Tablet",2,7,2,,NC,Nothing,1,,2
87,Dhaka,30-39,Man,Masters,Business,4-6,Desktop,<1 yr,3,1,1.0,Y,N,N,1,Desktop,1,4,1,4,NC,Featurephone,1,,
88,Dhaka,30-39,Man,Bachelors,Technical Works,4-6,Smartphone,<4 yr,"2, 5, 6",1,1.0,N,N,N,"1, 5","Smartphone, Desktop, Laptop",3,"1, 3, 5, 7","3, 4, 7","1, 4, 6",NC,Desktop,"1, 3",,"1, 2, 3"
89,Chittagong,20-29,Man,High School,Student,6-8,Smartphone,<6 mn,3,1,2.0,Y,Y,Y,"1, 4","Smartphone, Desktop, Laptop","2, 3","1, 3, 5, 7","1, 3, 4, 6","1, 2, 4, 5, 6",Y,Nothing,"1, 2, 3, 4",N,"1, 2, 3, 4"
90,Dhaka,20-29,Man,Bachelors,Student,4-6,Desktop,<1 mn,1,1,5.0,Y,Y,Y,4,"Smartphone, Tablet",3,"1, 2, 3, 5","3, 4, 6, 7","2, 3, 4, 5, 6, 7",NC,Nothing,3,N,"3, 4, 5"
91,Chittagong,20-29,Man,Bachelors,Student,4-6,Smartphone,<6 mn,3,1,1.0,N,N,N,"1, 4",Laptop,"2, 3",1,7,"4, 5, 6",NC,Nothing,3,N,"2, 3"
92,Dhaka,30-39,Man,Bachelors,Job,12-,Smartphone,<1 yr,3,1,5.0,Y,N,Y,"1, 4","Smartphone, Tablet",3,"1, 6","1, 2, 4, 7","4, 6, 7",NC,Nothing,"1, 2",Y,"1, 2, 3, 5"
93,Dhaka,30-39,Man,Bachelors,Job,12-,Smartphone,<1 yr,3,1,5.0,Y,N,Y,"1, 4","Smartphone, Tablet",3,"1, 6","1, 2, 4, 7","4, 6, 7",NC,Nothing,"1, 2",Y,"1, 2, 3, 5"
94,Rajshahi,20-29,Man,Bachelors,Student,3-4,Smartphone,<1 yr,6,1,4.0,N,N,N,1,"Smartphone, Laptop",1,5,"4, 7","4, 6",NC,Nothing,"1, 2",,2
95,Dhaka,20-29,Man,High School,Student,4-6,Smartphone,<2 yr,"1, 2, 3, 5, 6",4,2.0,Y,Y,Y,1,"Smartphone, Featurephone",3,"5, 6, 7","3, 4, 7","2, 4",NC,"Smartphone, Featurephone","1, 2, 3",,"1, 2, 4"
96,Dhaka,20-29,Man,High School,Student,10-12,Smartphone,<6 mn,"3, 6",1,4.0,Y,Y,Y,"1, 3","Smartphone, Featurephone, Desktop, Laptop, Tablet",3,"2, 4, 7","2, 5, 7","1, 2, 3, 4, 5, 6, 7",NC,"Desktop, Printer","3, 4",N,"1, 2"
97,Barisal,30-39,Man,Masters,Unemployed,3-4,Featurephone,<2 yr,3,1,1.0,Y,Y,Y,1,"Smartphone, Desktop",1,3,"3, 7",,Y,Nothing,,N,1
98,Dhaka,20-29,Woman,High School,Student,1-2,Smartphone,<6 mn,3,1,2.0,Y,Y,Y,1,"Smartphone, Featurephone, Laptop",2,"1, 3, 5, 6","2, 3","2, 4",NC,Nothing,"1, 2, 3, 6",N,"1, 2, 3"
99,Dhaka,20-29,Woman,Masters,Student,4-6,Laptop,<6 mn,"3, 6",1,1.0,Y,Y,Y,"1, 4",Smartphone,1,"1, 4, 5, 7","2, 5, 7","2, 3, 5, 7",NC,Smartphone,5,N,2
100,Dhaka,20-29,Man,Bachelors,Student,3-4,Smartphone,<6 mn,6,1,5.0,N,N,N,1,Laptop,3,"5, 6",1,"2, 3, 4, 6",NC,Desktop,"4, 5",,"1, 2, 5"
101,Dhaka,30-39,Man,Masters,Business,4-6,Smartphone,<1 yr,1,3,4.0,N,N,Y,1,"Smartphone, Desktop, Laptop",1,4,"1, 2","3, 6",N,Nothing,3,N,2
102,Dhaka,20-29,Woman,High School,Student,1-2,Laptop,<1 mn,"5, 9",1,5.0,Y,Y,Y,1,Smartphone,1,"5, 7","3, 4, 7","5, 6",NC,Nothing,"1, 2, 3",,
103,Dhaka,20-29,Man,Bachelors,Unemployed,3-4,Smartphone,<2 yr,"2, 6","1, 4",5.0,N,Y,Y,"3, 4","Desktop, Laptop","2, 3","5, 6","3, 7","3, 6",Y,Smartphone,1,Y,"2, 5"
104,Khulna,20-29,Woman,Bachelors,Student,3-4,Smartphone,<2 yr,3,1,1.0,Y,Y,N,1,"Smartphone, Laptop","2, 3",5,1,"2, 3, 4, 6",Y,Nothing,1,Y,"1, 2, 3, 4, 5"
105,Dhaka,20-29,Man,Bachelors,Student,3-4,Smartphone,<6 mn,"1, 2, 6",1,5.0,Y,Y,Y,1,"Smartphone, Desktop",3,"1, 6","2, 3, 7","2, 4, 5",NC,"Desktop, Laptop","2, 3",Y,"2, 5"
106,Chittagong,20-29,Woman,Bachelors,Student,4-6,Laptop,<1 yr,"3, 6",1,5.0,N,N,N,1,"Smartphone, Featurephone, Laptop",1,5,"3, 4","2, 4, 6",NC,Nothing,5,,"1, 2"
107,Dhaka,20-29,Man,Bachelors,Student,3-4,Smartphone,<1 yr,6,1,5.0,N,N,Y,1,Laptop,1,4,"2, 4",,N,Nothing,1,N,1
108,Barisal,20-29,Woman,Bachelors,Student,4-6,Smartphone,<6 mn,"3, 5",1,2.0,Y,Y,N,1,"Smartphone, Featurephone, Laptop",1,"1, 4, 5, 7",2,"2, 3, 4, 5, 6",NC,Nothing,"2, 3, 4",,"1, 2"
109,Dhaka,20-29,Woman,High School,Student,3-4,Smartphone,<4 yr,6,1,5.0,Y,N,N,4,Laptop,3,1,4,"2, 6",NC,Nothing,2,,"1, 2"
110,Dhaka,20-29,Man,Bachelors,Student,3-4,Smartphone,<2 yr,"2, 3, 5, 6","1, 3",4.0,N,N,N,"1, 2, 3, 4",Smartphone,"2, 3","1, 4, 5, 6, 7","2, 3, 4","1, 2, 3, 4, 5, 6",NC,Featurephone,"1, 2, 4",,"1, 2, 3, 4"
111,Dhaka,20-29,Woman,Bachelors,Student,3-4,Tablet,<4 yr,,,,N,N,N,4,Laptop,1,3,2,"2, 3, 5, 6",NC,Featurephone,"3, 4",,"1, 2"
112,Chittagong,30-39,Man,Bachelors,Job,4-6,Smartphone,<4 yr,6,7,5.0,N,Y,N,"1, 4, 5","Smartphone, Desktop",3,"6, 7","1, 4","2, 5, 6",Y,Nothing,,N,"3, 5"
113,Dhaka,20-29,Man,Bachelors,Job,4-6,Smartphone,<6 mn,"3, 6",1,1.0,Y,Y,Y,"1, 4","Smartphone, Desktop, Laptop, Tablet",2,"1, 5, 6","3, 4, 7","2, 3, 4, 5, 6",Y,Nothing,"3, 4",N,"1, 2"
114,Dhaka,30-39,Woman,Masters,Job,3-4,Tablet,<4 yr,5,1,1.0,N,N,Y,4,Smartphone,2,5,4,4,NC,Featurephone,3,,5
115,Dhaka,30-39,Man,Masters,Business,3-4,Smartphone,<2 yr,6,,5.0,N,N,N,4,Smartphone,3,4,4,4,NC,Desktop,1,,1
116,Dhaka,20-29,Woman,High School,Student,6-8,Smartphone,<1 yr,2,1,5.0,Y,Y,Y,"1, 4",Smartphone,3,6,"3, 4, 6","3, 5",Y,Nothing,4,N,"2, 5"
117,Khulna,20-29,Man,Bachelors,Student,1-2,Smartphone,<4 yr,3,5,5.0,N,Y,Y,1,"Smartphone, Featurephone, Laptop","2, 3","5, 6","2, 3, 4, 7","2, 4, 5, 6",Y,Featurephone,"2, 3, 4",N,"1, 2"
118,Dhaka,30-39,Man,Bachelors,Business,3-4,Smartphone,<4 yr,4,6,5.0,Y,Y,Y,6,Laptop,3,"4, 5",1,"5, 6",N,Nothing,"2, 4",N,"1, 2"
119,Dhaka,40-49,Man,Masters,Technical Works,8-10,Smartphone,<1 mn,2,1,1.0,Y,N,Y,1,"Smartphone, Desktop, Laptop",3,"5, 7","2, 3, 4","2, 6",NC,Nothing,,,"1, 2"
120,Dhaka,20-29,Man,Bachelors,Student,3-4,Smartphone,<6 mn,"1, 2, 6",1,1.0,Y,Y,Y,"1, 4","Smartphone, Laptop","2, 3","1, 3, 4, 5","2, 3, 4, 6, 7","1, 2, 3, 4, 5, 6, 7",NC,Nothing,"1, 2, 3, 4, 5, 6",,"1, 2, 3, 4, 5"
121,Dhaka,30-39,Man,High School,Business,12-,Desktop,<4 yr,2,1,5.0,Y,N,N,4,Smartphone,3,4,2,,NC,Nothing,3,N,3
122,Khulna,20-29,Man,Bachelors,Student,1-2,Smartphone,<4 yr,3,1,1.0,N,N,N,1,Smartphone,2,"1, 7","3, 4, 7","2, 3, 4, 5, 6",Y,Nothing,"2, 3",N,2
123,Dhaka,20-29,Man,Bachelors,Job,4-6,Laptop,<1 yr,3,1,5.0,Y,N,N,"1, 4","Smartphone, Laptop",3,1,"3, 4, 6, 7","2, 4, 6",NC,Nothing,"1, 2, 3, 4",,"1, 2"
124,Dhaka,30-39,Man,Masters,Business,3-4,Smartphone,<2 yr,3,3,4.0,N,N,Y,1,"Smartphone, Desktop, Laptop",2,"1, 5, 6","3, 4, 7","2, 4, 6, 7",Y,Nothing,1,N,"1, 2, 3"
125,Khulna,20-29,Woman,Bachelors,Student,4-6,Smartphone,<2 yr,"3, 6",1,5.0,Y,Y,Y,1,Smartphone,2,"1, 2, 5","2, 4, 6, 7","2, 4, 5, 6",N,Nothing,"3, 4, 5",N,1
126,Dhaka,20-29,Man,Bachelors,Job,3-4,Smartphone,<2 yr,"1, 6",1,5.0,N,N,N,1,"Smartphone, Desktop, Laptop",2,"1, 4, 5","2, 4, 6, 7","1, 2, 4, 5, 6",NC,Desktop,4,Y,2
127,Dhaka,20-29,Man,Bachelors,Student,4-6,Laptop,<1 yr,"3, 6",1,1.0,N,Y,N,"1, 5","Smartphone, Laptop",1,5,2,"3, 6",N,Nothing,1,Y,"2, 5"
128,Dhaka,30-39,Man,Masters,Job,6-8,Laptop,<1 yr,"1, 2, 6",3,5.0,N,N,Y,1,"Smartphone, Desktop, Laptop",1,"5, 7","3, 4, 7","1, 3, 4, 5, 6",NC,Nothing,1,Y,2
129,Dhaka,30-39,Man,Bachelors,Job,10-12,Smartphone,<1 yr,"1, 2, 3, 6","1, 3, 4",5.0,Y,Y,N,1,"Smartphone, Desktop, Laptop","2, 3","1, 4, 5, 6","2, 3, 7","1, 2, 4, 5, 6",NC,Nothing,"3, 4",,2
130,Khulna,30-39,Man,Masters,Job,4-6,Laptop,<1 yr,3,1,5.0,N,N,N,"1, 2","Smartphone, Laptop",1,"5, 6",3,,NC,Nothing,,,
131,Chittagong,40-49,Man,Masters,Job,3-4,Smartphone,<6 mn,3,"1, 2",1.0,Y,N,N,"1, 2",Smartphone,1,"1, 5","2, 3, 4, 7","3, 4, 6",NC,Nothing,"1, 5",,"1, 2"
132,Khulna,20-29,Man,Bachelors,Student,3-4,Smartphone,<4 yr,3,1,2.0,Y,N,N,1,"Smartphone, Featurephone, Laptop",1,7,1,,N,Nothing,"1, 2, 3",N,"1, 2"
133,Chittagong,20-29,Woman,Bachelors,Student,3-4,Smartphone,<6 mn,3,1,2.0,Y,Y,Y,1,"Smartphone, Desktop",1,"4, 5, 6","3, 4, 7","2, 3, 4, 5",Y,Featurephone,"2, 3",Y,"2, 3"
134,Dhaka,20-29,Man,Bachelors,Unemployed,3-4,Smartphone,<6 mn,2,1,5.0,N,Y,Y,1,Laptop,2,"1, 3, 5, 6","3, 4, 6","2, 3, 5, 6, 7",N,Nothing,"2, 3, 4",,"1, 2"
135,Dhaka,20-29,Woman,High School,Student,0,Laptop,<1 yr,6,1,1.0,N,N,N ,1,"Smartphone, Laptop",1,"4, 6","3, 4, 7","4, 5, 6",N,Nothing,"2, 3, 4",N,"1, 4"
136,Khulna,30-39,Man,Masters,Job,3-4,Smartphone,<1 yr,"2, 5, 6","1, 7",5.0,N,N,N,5,Laptop,1,"5, 6","3, 6","2, 6",N,Nothing,"3, 4",N ,"1, 2, 4"
137,Dhaka,20-29,Man,High School,Student,4-6,Smartphone,<6 mn,3,1,2.0,N,N,N,"1, 4","Smartphone, Desktop","2, 3",6,"3, 4","2, 4, 5, 6",NC,Nothing,"1, 2",,5
138,Dhaka,20-29,Woman,Bachelors,Job,3-4,Laptop,>4 yr,"2, 3, 6",1,1.0,Y,N,N,"1, 5","Laptop, Tablet",1,3,"1, 3, 4, 7",,NC,Nothing,"1, 2, 3, 4, 5",,2
139,Dhaka,20-29,Woman,Bachelors,Student,3-4,Smartphone,>4 yr,3,1,2.0,N,N,N,1,"Smartphone, Desktop, Laptop",2,"1, 3, 5","2, 3, 4, 6, 7","1, 2, 3, 4, 5, 6, 7",NC,Featurephone,"1, 2, 3, 4, 6",,"1, 2, 3, 4"
140,Barisal,20-29,Man,Bachelors,Technical Works,3-4,Smartphone,<1 yr,"2, 6",1,5.0,N,N,N,1,"Smartphone, Laptop",2,"1, 5, 6","3, 6","5, 6",NC,Nothing,4,,"1, 2"
141,Dhaka,1-19,Woman,High School,Student,1-2,Smartphone,<6 mn,"1, 2",1,4.0,N,Y,N,1,Smartphone,2,"5, 7","2, 3, 4",3,N,Nothing,4,N,"1, 2"
142,Khulna,20-29,Man,High School,Student,3-4,Desktop,<2 yr,3,1,2.0,N,N,N,4,Smartphone,3,"1, 6","3, 4","1, 2, 3, 4, 5, 6",Y,Featurephone,"1, 2, 4",N,2
143,Dhaka,20-29,Woman,High School,Student,4-6,Smartphone,<2 yr,"1, 2, 6",1,1.0,N,Y,Y,2,"Smartphone, Laptop",3,"1, 4, 5, 7","2, 3, 4, 6, 7","2, 3, 4, 6",Y,Nothing,"1, 2",N,"2, 3, 5"
144,Chittagong,20-29,Man,Bachelors,Student,4-6,Desktop,<1 mn,,1,1.0,N,Y,Y,4,Laptop,3,6,1,"2, 3, 4, 5, 6",Y,Nothing,,N,"1, 2, 5"
145,Dhaka,20-29,Man,High School,Student,6-8,Laptop,<2 yr,3,5,4.0,Y,N,Y,1,"Smartphone, Desktop, Laptop",1,5,3,5,NC,Nothing,"1, 3, 4",N,"2, 5"
146,Khulna,20-29,Woman,High School,Student,1-2,Smartphone,<1 mn,1,1,1.0,Y,N,N,1,Nothing,1,6,"3, 4",3,NC,Nothing,2,Y,2
147,Dhaka,20-29,Woman,High School,Student,4-6,Featurephone,<6 mn,"1, 2, 4, 5",1,5.0,Y,Y,Y,1,"Smartphone, Desktop, Laptop",2,2,7,"3, 6, 7",NC,Nothing,3,"N
","1, 2"
148,Dhaka,20-29,Woman,Bachelors,Student,3-4,Smartphone,<2 yr,3,1,5.0,N,N,N,1,Smartphone,1,6,"3, 4","3, 6",NC,Smartphone,1,N,"1, 2, 4"
149,Dhaka,20-29,Man,Masters,Student,4-6,Smartphone,<2 yr,5,1,5.0,N,N,N,"1, 5",Tablet,3,"6, 7",2,,NC,Nothing,"3, 4",,2
150,Dhaka,20-29,Man,Bachelors,Student,12-,Laptop,<6 mn,6,3,3.0,N,N,Y,1,"Featurephone, Desktop, Laptop",2,"3, 6","2, 3, 4","1, 5, 6, 7",NC,Nothing,"1, 3, 4, 5, 6",N,"2, 4"
151,Dhaka,20-29,Woman,Masters,Freelancing,3-4,Smartphone,<1 mn,3,1,5.0,Y,Y,Y,"1, 4","Desktop, Laptop",3,7,"3, 4, 7","2, 3, 6",NC,Nothing,"2, 3, 4",N,"1, 2, 4, 5"
152,Dhaka,20-29,Man,Bachelors,Student,6-8,Smartphone,<6 mn,"1, 3",1,2.0,Y,N,N,1,Smartphone,"1, 2","5, 6",3,"4, 5",NC,"Smartphone, Featurephone","1, 4",,"1, 2, 4"
153,Dhaka,30-39,Man,PhD,Technical Works,4-6,Smartphone,<1 yr,5,1,5.0,N,N,N,4,Smartphone,3,"5, 7","2, 3, 4","5, 6",NC,"Smartphone, Featurephone",1,,2
154,Khulna,20-29,Man,Bachelors,Student,1-2,Smartphone,<1 mn,3,"1, 3",1.0,Y,Y,N,1,Smartphone,1,2,3,2,NC,Smartphone,2,N,1
155,Khulna,20-29,Man,Bachelors,Student,1-2,Smartphone,<1 mn,3,"1, 3",1.0,Y,Y,N,1,Smartphone,1,2,3,2,NC,Smartphone,2,N,1
156,Dhaka,30-39,Man,Masters,Job,4-6,Smartphone,<6 mn,3,1,2.0,N,N,Y,1,"Smartphone, Laptop",2,5,"3, 4, 7","1, 2, 4, 6",Y,Desktop,"1, 3, 6",Y,2
157,Chittagong,20-29,Man,High School,Student,3-4,Smartphone,<6 mn,2,1,5.0,N,Y,N,5,Laptop,1,5,"2, 3, 4",,NC,Nothing,,,"2, 3"
158,Dhaka,20-29,Woman,High School,Student,4-6,Smartphone,<1 yr,1,1,1.0,N,N,N,1,"Smartphone, Laptop",2,1,2,6,NC,Nothing,2,,
159,Dhaka,30-39,Man,Bachelors,Doctor,6-8,Smartphone,<1 yr,3,1,2.0,Y,Y,Y,4,Smartphone,3,5,"3, 4, 7","3, 4, 6",Y,Nothing,"3, 4",N,"1, 2"
160,Dhaka,30-39,Man,Masters,Business,4-6,Laptop,<2 yr,3,1,5.0,Y,N,N,6,"Smartphone, Desktop",2,7,3,6,NC,Nothing,3,N,1
161,Dhaka,20-29,Man,Bachelors,Technical Works,3-4,Smartphone,<6 mn,3,3,4.0,N,N,N,1,"Desktop, Laptop",2,4,3,"5, 6",NC,Nothing,1,,1
162,Dhaka,30-39,Woman,Masters,Unemployed,3-4,Smartphone,<6 mn,3,1,1.0,Y,N,Y,1,"Smartphone, Desktop, Laptop",2,"5, 6","2, 3, 4, 6","2, 4, 6",NC,Nothing,3,N,2
163,Khulna,20-29,Woman,Bachelors,Doctor,1-2,Tablet,<6 mn,6,1,1.0,N,Y,Y,1,Smartphone,"1, 2, 3","5, 7",2,5,N,Nothing,4,N,"1, 2"
164,Sylhet,20-29,Man,Bachelors,Unemployed,4-6,Laptop,<4 yr,"1, 3",1,1.0,N,N,N,"2, 4","Smartphone, Laptop","2, 3","4, 5, 6","3, 4","4, 5, 6",NC,Nothing,,,2
165,Dhaka,20-29,Man,High School,Student,3-4,Smartphone,<2 yr,2,1,1.0,N,N,N,2,Smartphone,1,"5, 6","3, 4, 7",,NC,Nothing,,,
166,Dhaka,30-39,Man,Masters,Job,3-4,Laptop,<4 yr,3,4,5.0,N,N,N,1,"Smartphone, Laptop",2,"1, 5","3, 6","2, 6",NC,"Smartphone, Laptop","2, 4",,"2, 3"
167,Dhaka,30-39,Man,Masters,Technical Works,4-6,Smartphone,<1 yr,"5, 6",3,4.0,N,N,Y,5,"Smartphone, Desktop, Laptop",3,"1, 3",1,"4, 6",N,Nothing,"4, 5",N ,"1, 2"
168,Dhaka,20-29,Woman,Bachelors,Student,3-4,Smartphone,<1 yr,"1, 2, 5, 6",1,5.0,Y,Y,Y,1,"Smartphone, Desktop",2,"1, 3, 5, 6","2, 3, 4, 7","1, 3, 4, 5, 6",N,Featurephone,"1, 3, 4, 5, 6",N,"1, 2"
169,Khulna,20-29,Man,High School,Job,12-,Smartphone,<2 yr,"3, 5",3,2.0,Y,Y,Y,"1, 4","Smartphone, Featurephone, Desktop, Laptop",3,"1, 3","3, 4, 7","1, 2, 4, 6",NC,Nothing,"1, 2, 3, 4, 6",,"1, 2, 3, 5"
170,Rajshahi,20-29,Man,Bachelors,Student,6-8,Smartphone,<1 mn,3,4,2.0,Y,Y,Y,1,Smartphone,2,"1, 6",1,"1, 3, 4, 5, 6, 7",Y,"Smartphone, Featurephone","1, 4, 5",Y,"1, 2, 3, 4, 5"
171,Dhaka,20-29,Man,Bachelors,Unemployed,3-4,Featurephone,<4 yr,3,2,2.0,Y,N,N,2,Laptop,3,1,4,6,NC,Nothing,1,,2
172,Dhaka,20-29,Man,Bachelors,Job,6-8,Desktop,<2 yr,"1, 2, 6",3,5.0,N,Y,Y,"1, 4","Smartphone, Desktop, Laptop","2, 3","1, 4, 5","3, 4, 7",5,N,Nothing,"3, 4, 5",N,2
173,Dhaka,20-29,Woman,Bachelors,Technical Works,3-4,Laptop,<2 yr,"2, 6",3,3.0,N,Y,N,"1, 6","Smartphone, Featurephone, Laptop",1,"4, 6, 7","2, 3, 4",2,NC,Nothing,1,N,"1, 2"
174,Mymensingh,20-29,Man,Bachelors,Student,4-6,Smartphone,<1 yr,"1, 2",1,5.0,N,N,N,"1, 4","Smartphone, Desktop",3,"1, 2, 5, 6","1, 3, 6","2, 4, 5",NC,Nothing,"3, 4",N,"1, 2, 3"
175,Dhaka,20-29,Man,Bachelors,Unemployed,3-4,Smartphone,<2 yr,5,1,3.0,Y,Y,Y,"1, 4","Smartphone, Featurephone, Laptop",3,6,"2, 3, 4, 5","1, 6",Y,Desktop,,N,"3, 5"
176,Dhaka,30-39,Man,Masters,journalist,3-4,Laptop,<2 yr,"2, 3, 6",1,1.0,N,Y,N,6,"Desktop, Laptop",1,"5, 6","3, 4, 7","2, 4, 5, 6",N,Nothing,,N,"1, 2, 3"
177,Dhaka,20-29,Man,Bachelors,Job,6-8,Laptop,<1 mn,3,3,4.0,Y,N,Y,6,"Smartphone, Laptop",3,3,,,N,Nothing,,N,"1, 2"
178,Chittagong,20-29,Man,High School,Student,1-2,Smartphone,<6 mn,"3, 5, 6","1, 4",2.0,N,N,N,1,"Smartphone, Laptop",1,"5, 6, 7","2, 3, 4, 5, 6, 7","2, 3, 4, 5, 6",NC,Smartphone,"1, 2, 3",,"1, 2"
179,Dhaka,20-29,Woman,High School,Student,3-4,Desktop,<2 yr,1,1,1.0,N,N,N,1,Smartphone,1,4,2,5,N,Nothing,1,Y,2
180,Khulna,20-29,Woman,Bachelors,Student,1-2,Smartphone,<6 mn,4,6,1.0,Y,Y,Y,1,"Smartphone, Desktop, Laptop",1,7,"3, 4, 6, 7","2, 4, 5, 6",N,Nothing,2,N,"3, 5"
181,Dhaka,20-29,Man,Bachelors,Student,1-2,Featurephone,<2 yr,1,1,5.0,Y,Y,N,3,Smartphone,2,5,3,5,N,Nothing,2,Y ,2
182,Dhaka,20-29,Man,Bachelors,Student,4-6,Desktop,<2 yr,3,1,1.0,Y,Y,Y,6,"Desktop, Laptop",3,"1, 5","2, 3, 4, 7","3, 4, 6, 7",NC,Nothing,"3, 4",N,"2, 5"
183,Khulna,20-29,Woman,Bachelors,Student,3-4,Smartphone,<4 yr,3,1,2.0,Y,Y,Y,1,Desktop,1,"5, 6",4,"3, 5",N,Nothing,"2, 3",N,5
184,Dhaka,30-39,Man,Bachelors,Technical Works,3-4,Laptop,<1 yr,3,1,5.0,Y,Y,Y,"1, 4","Desktop, Laptop",3,"1, 6","3, 4, 7","1, 2, 3, 4, 5, 6, 7",NC,Desktop,"1, 2, 3, 4",Y,"1, 2, 3, 5"
185,Sylhet,20-29,Man,Bachelors,Student,4-6,Smartphone,<2 yr,3,"1, 2, 4",1.0,N,N,N,1,"Smartphone, Laptop",2,"1, 4, 5, 6","2, 3, 4, 7","2, 3, 6",NC,"Smartphone, Nothing","2, 4",,1
186,Sylhet,20-29,Man,High School,Student,3-4,Smartphone,<1 yr,"1, 3",1,5.0,N,Y,N,1,Smartphone,1,1,4,"2, 6",NC,Nothing,4,N,"1, 2"
187,Sylhet,20-29,Man,Bachelors,Student,3-4,Smartphone,<6 mn,3,1,2.0,N,N,N,1,"Smartphone, Laptop",1,5,3,3,NC,Nothing,,,2
188,Sylhet,20-29,Man,Bachelors,Student,1-2,Smartphone,<1 yr,3,2,5.0,N,N,N,2,"Smartphone, Laptop",1,1,3,2,N,Nothing,1,N,1
189,Sylhet,20-29,Woman,Bachelors,Student,3-4,Smartphone,<1 yr,3,1,3.0,N,N,N,1,"Smartphone, Laptop","2, 3","3, 5","3, 4, 7","3, 4, 6",NC,Nothing,3,N,"1, 2"
190,Chittagong,20-29,Woman,Masters,Unemployed,3-4,Smartphone,<2 yr,"5, 6",1,5.0,Y,N,N,1,"Smartphone, Laptop",2,"5, 6, 7","3, 4, 6","2, 5",NC,Nothing,1,,"1, 2"
191,Sylhet,20-29,Man,Bachelors,Student,3-4,Smartphone,<1 yr,2,1,4.0,Y,Y,N,1,"Smartphone, Featurephone",1,5,"3, 4, 7","1, 2, 3, 4, 5, 6",Y,Featurephone,"1, 2, 3",,"2, 5"
192,Sylhet,20-29,Man,Bachelors,Student,6-8,Smartphone,<1 yr,3,1,2.0,N,N,N,1,Smartphone,2,"3, 5, 6",3,2,NC,Featurephone,1,,1
193,Sylhet,20-29,Woman,Bachelors,Student,3-4,Smartphone,<2 yr,"2, 3",1,5.0,N,Y,N,1,"Smartphone, Laptop",1,"1, 3, 5, 6","4, 6, 7","3, 6",NC,Nothing,"1, 3",,"1, 2"
194,Sylhet,20-29,Man,High School,Student,8-10,Smartphone,<2 yr,"1, 6","1, 2",1.0,N,Y,Y,1,"Smartphone, Desktop",3,5,2,4,Y,Smartphone,1,Y,1
195,Chittagong,20-29,Man,High School,Student,3-4,Smartphone,<1 yr,3,1,1.0,N,N,N,2,Smartphone,1,5,"3, 7",6,NC,Nothing,2,,
196,Sylhet,20-29,Man,High School,Student,3-4,Smartphone,<1 yr,"4, 5",1,4.0,N,N,N,"1, 2","Smartphone, Laptop",2,"4, 5, 6","3, 4, 7","3, 5, 6",NC,Nothing,,N,"1, 2"
197,Sylhet,20-29,Woman,High School,Student,1-2,Featurephone,<6 mn,1,1,5.0,Y,Y,Y,"1, 4, 6","Featurephone, Laptop",2,"5, 6, 7",3,"2, 3, 4, 5, 6",NC,"Featurephone, Desktop","1, 2",Y,"3, 5"
198,Sylhet,20-29,Woman,Bachelors,Student,3-4,Featurephone,<4 yr,1,1,5.0,Y,N,N,1,Desktop,1,5,"4, 7","2, 3, 4, 5, 6",NC,Featurephone,1,Y,"3, 4"
199,Sylhet,20-29,Man,Bachelors,Student,3-4,Smartphone,<2 yr,"2, 3, 6",1,5.0,N,N,N,"1, 4",Smartphone,"2, 3",6,"3, 4",1,Y,Nothing,,Y,2
200,Sylhet,20-29,Man,High School,Student,12-,Laptop,<2 yr,"1, 2, 5, 6",1,5.0,Y,Y,Y,"1, 4","Smartphone, Featurephone, Laptop",3,5,1,"4, 5, 6",Y,Nothing,"1, 4",N,"1, 2, 5"
201,Dhaka,20-29,Woman,High School,Student,3-4,Desktop,<2 yr,3,3,2.0,N,N,N,1,"Smartphone, Desktop",1,"4, 5, 6","3, 4, 7","2, 5, 6",NC,"Smartphone, Desktop","3, 4, 5",,
202,Sylhet,20-29,Man,High School,Student,4-6,Smartphone,<6 mn,3,1,2.0,Y,Y,Y,1,Smartphone,2,"5, 6, 7","2, 3, 4, 7","1, 4, 6",Y,Nothing,"1, 2, 4",N,2
203,Sylhet,20-29,Woman,High School,Student,4-6,Smartphone,<6 mn,1,1,1.0,Y,Y,N,4,Smartphone,3,5,"1, 2","2, 3, 4, 6",N,Nothing,1,N,"1, 2"
204,Sylhet,20-29,Man,Bachelors,Student,3-4,Smartphone,<1 yr,"2, 6",1,4.0,N,Y,Y,"1, 2, 5",Smartphone,1,"1, 5",4,"2, 6",NC,Nothing,2,N,2
205,Sylhet,20-29,Man,Bachelors,Student,4-6,Smartphone,<2 yr,3,1,2.0,N,N,N,1,"Smartphone, Desktop",3,"5, 6","3, 4, 7","4, 6",NC,Nothing,1,,2
206,Dhaka,20-29,Man,Bachelors,Student,3-4,Desktop,<4 yr,2,1,5.0,N,N,N,1,"Smartphone, Laptop",3,"3, 5",3,"4, 5",NC,Nothing,4,,"1, 2, 3"
207,Rajshahi,30-39,Man,Masters,Student,3-4,Smartphone,<4 yr,"2, 3, 6",1,5.0,Y,N,Y,"1, 4","Smartphone, Featurephone, Desktop, Laptop",3,"1, 3, 4, 5, 6, 7","1, 4, 8","2, 4, 5",Y,Nothing,"1, 5, 6",N,"2, 4"
208,Sylhet,20-29,Man,High School,Student,3-4,Smartphone,<2 yr,"1, 2, 6",1,5.0,N,N,Y,"1, 4","Smartphone, Laptop","2, 3","1, 3, 5","3, 4","3, 5, 7",NC,Desktop,"1, 2",,"1, 2"
209,Sylhet,20-29,Man,Bachelors,Student,4-6,Smartphone,<1 yr,3,1,5.0,N,Y,Y,1,Smartphone,1,2,3,6,Y,Smartphone,1,"Y
",2
210,Sylhet,20-29,Woman,Bachelors,Unemployed,3-4,Smartphone,<2 yr,"2, 3, 6",1,2.0,Y,N,N,1,"Smartphone, Tablet",2,6,1,"2, 3, 5",Y,Smartphone,"1, 4",,"1, 2"
211,Sylhet,20-29,Man,High School,Student,3-4,Smartphone,<6 mn,3,1,1.0,Y,Y,Y,1,"Smartphone, Featurephone",1,4,"2, 3, 4","2, 3, 4, 5, 6",N ,Featurephone,"2, 4, 5",Y,"1, 2, 3"
212,Sylhet,20-29,Woman,Masters,Student,1-2,Smartphone,<4 yr,3,1,2.0,N,Y,Y,1,Smartphone,1,4,"2, 3, 4","2, 4, 5",Y,Nothing,3,N,1
213,Sylhet,20-29,Man,High School,Student,3-4,Smartphone,<6 mn,3,1,1.0,Y,Y,Y,"1, 4",Smartphone,3,"1, 5, 6","3, 4, 7","1, 2, 3, 4, 5, 6",Y,Featurephone,4,N,"1, 2"
214,Sylhet,20-29,Woman,Bachelors,Student,3-4,Smartphone,<4 yr,"3, 5, 6",1,5.0,N,N,N,1,"Smartphone, Laptop",1,"5, 6","2, 3, 4, 5, 6","3, 4, 5",NC,Nothing,"1, 2",N,4
215,Sylhet,30-39,Woman,Masters,Teacher,4-6,Smartphone,<6 mn,"2, 3",1,1.0,Y,N,N,1,"Smartphone, Laptop",1,"5, 6","2, 3, 4","2, 3, 4, 5, 6",NC,Laptop,"1, 2, 3",N,"1, 2, 3, 4"
216,Sylhet,20-29,Man,High School,Student,4-6,Desktop,<2 yr,"2, 5",1,5.0,N,N,N,4,"Smartphone, Desktop",3,"3, 5, 6","4, 7","1, 3, 6",NC,Desktop,1,,4
217,Sylhet,20-29,Man,High School,Student,4-6,Smartphone,<1 mn,4,6,1.0,Y,N,N,"1, 5",Smartphone,"2, 3","4, 7",4,"5, 6",NC,Nothing,1,,"1, 2"
218,Chittagong,20-29,Man,Bachelors,Student,1-2,Smartphone,<6 mn,1,1,4.0,Y,N,N,1,"Smartphone, Desktop",1,"6, 7","2, 3, 4","3, 5",NC,Nothing,3,,"1, 2, 3"
219,Sylhet,20-29,Man,Bachelors,Student,4-6,Tablet,<1 yr,5,3,5.0,Y,N,N,1,Smartphone,1,6,2,"3, 5",NC,Nothing,,,"1, 2"
220,Sylhet,20-29,Man,Bachelors,Student,3-4,Laptop,<4 yr,3,1,5.0,Y,N,N,"1, 4","Smartphone, Laptop",2,"1, 5, 6","3, 4, 6, 7","1, 2, 3, 4, 5, 6",NC,Nothing,"1, 2, 3",,"1, 2"
221,Dhaka,1-19,Man,High School,Student,3-4,Smartphone,<1 yr,,1,4.0,N,Y,N,1,"Smartphone, Featurephone",3,1,1,,NC,Nothing,,,
222,Sylhet,20-29,Man,Bachelors,Student,4-6,Smartphone,<2 yr,3,1,5.0,N,Y,Y,"1, 3, 4","Smartphone, Desktop",3,"5, 6","3, 4, 7","4, 6",NC,Desktop,1,N,"1, 2"
223,Sylhet,20-29,Man,Bachelors,Student,12-,Laptop,<6 mn,3,3,1.0,N,Y,Y,"1, 4","Smartphone, Featurephone, Desktop, Laptop, Harddisk ","2, 3","2, 3, 5, 6, 7","4, 7","1, 3, 6, 7",NC,Laptop,"1, 3, 6",,"1, 2"
224,Sylhet,20-29,Man,High School,Student,4-6,Smartphone,<6 mn,"1, 2, 5, 6",1,5.0,Y,Y,Y,"1, 4","Desktop, Laptop",3,"4, 5, 7",1,"1, 2, 3, 4, 5, 6",NC,Desktop,"1, 2, 6",Y,"1, 2, 3, 4"
225,Sylhet,20-29,Man,Bachelors,Student,3-4,Smartphone,<2 yr,2,1,5.0,Y,N,N,1,"Smartphone, Desktop, Laptop",3,"3, 5, 7","3, 7","3, 5",NC,Smartphone,"1, 3, 4",,"1, 2"
226,Dhaka,20-29,Man,Bachelors,Student,4-6,Smartphone,<6 mn,1,1,5.0,N,N,Y,5,Smartphone,2,"4, 5, 6","3, 4, 6, 7","3, 6",Y,Smartphone,"2, 3, 4",,"1, 2, 3"
227,Sylhet,20-29,Man,High School,Student,6-8,Smartphone,<1 yr,4,6,1.0,N,Y,Y,5,"Smartphone, Desktop",2,4,3,4,Y,Nothing,1,Y,2
228,Dhaka,20-29,Man,Bachelors,Student,4-6,Smartphone,<1 yr,3,1,2.0,N,N,N,1,"Smartphone, Laptop",2,3,"3, 4","1, 3, 4",NC,Laptop,"2, 3, 4",,2
229,Dhaka,20-29,Man,Bachelors,Student,6-8,Smartphone,<6 mn,"1, 2, 6",3,5.0,Y,Y,N,"1, 2, 4","Smartphone, Desktop","2, 3","4, 5, 6, 7","2, 3, 4, 5, 7","1, 2, 3, 4, 5, 6, 7",NC,Nothing,"1, 3, 4",Y,"1, 2"
230,Sylhet,20-29,Man,Bachelors,Job,3-4,Smartphone,<2 yr,4,6,1.0,N,N,Y,1,Smartphone,1,"1, 3, 5","3, 4 ","4, 6",NC,Nothing,"1, 4, 5",N,"1, 2"
231,Sylhet,20-29,Man,High School,Student,4-6,Smartphone,<1 mn,2,3,5.0,N,N,Y,"2, 4","Smartphone, Desktop, Laptop","2, 3","1, 7","3, 4, 6","3, 4, 5, 6",NC,Desktop,"1, 4",,"1, 2, 3"
232,Dhaka,20-29,Man,Bachelors,Technical Works,3-4,Laptop,<1 yr,1,7,4.0,N,Y,N,2,Laptop,1,"4, 5, 6","3, 4","1, 2, 4, 5, 6",NC,Desktop,"1, 2",,"1, 2, 5"
233,Khulna,1-19,Man,High School,Student,1-2,Featurephone,<4 yr,3,1,5.0,Y,Y,Y,"1, 3, 4","Smartphone, Featurephone","2, 3","1, 3, 5, 6","3, 4, 5, 7","2, 4, 5, 6",N,Nothing,"2, 3",Y,"1, 2, 3, 4"
234,Sylhet,20-29,Woman,High School,Student,1-2,Smartphone,<2 yr,2,1,3.0,N,N,N,1,Smartphone,1,5,4,2,NC,Nothing,2,N,4
235,Sylhet,20-29,Man,Masters,Technical Works,8-10,Laptop,<6 mn,3,1,5.0,Y,Y,Y,"5, 6 ","Smartphone, Desktop","2, 3","1, 3, 5, 7","3, 4, 7","2, 3, 4, 6",Y,Nothing,4,N,"1, 2"
236,Mymensingh,20-29,Man,Bachelors,Student,1-2,Smartphone,<4 yr,"1, 2",1,5.0,N,Y,Y,1,"Smartphone, Featurephone, Laptop",3,"1, 3, 5, 6, 7","3, 4, 6","2, 4, 5, 6",NC,Nothing,"1, 6",,"1, 2"
237,Chittagong,30-39,Man,Bachelors,Doctor,8-10,Smartphone,<6 mn,"3, 5, 6",3,5.0,Y,N,N,"1, 5","Smartphone, Laptop",2,"1, 4, 7","1, 3, 6","1, 2, 3, 4, 5, 7",NC,Desktop,"1, 2, 5",,"1, 2, 3, 5"
238,Dhaka,20-29,Man,Bachelors,Unemployed,4-6,Laptop,<2 yr,"1, 6",1,5.0,N,N,N,"1, 2","Smartphone, Laptop",1,"1, 4, 5, 6","2, 3, 4","1, 6",NC,Nothing,"1, 3, 4",,"1, 2"
239,Dhaka,20-29,Man,Masters,Teacher,8-10,Smartphone,<1 yr,"2, 3",1,5.0,Y,N,N,4,Smartphone,3,"1, 3, 6","1, 4","2, 3, 6",Y,Nothing,"1, 4",N,"2, 3"
240,Dhaka,20-29,Man,Bachelors,Student,1-2,Desktop,>4 yr,"3, 6",1,5.0,Y,Y,Y,4,Featurephone,2,6,1,"5, 6",Y,Featurephone,3,N,3
241,Dhaka,20-29,Man,High School,Student,1-2,Featurephone,<2 yr,3,1,4.0,N,N,N,1,Smartphone,3,6,1,5,NC,Nothing,"1, 2, 3",,"1, 2"
242,Dhaka,20-29,Man,Bachelors,Student,3-4,Smartphone,<6 mn,3,1,2.0,Y,N,N,2,"Smartphone, Desktop, Laptop",2,"1, 4, 5","2, 3, 5","1, 3, 4, 6",NC,Smartphone,3,N,"1, 2, 4"
243,Dhaka,20-29,Man,High School,Student,3-4,Featurephone,<2 yr,"1, 2",1,1.0,N,N,N,"1, 4","Smartphone, Featurephone, Desktop, Laptop","2, 3","1, 4, 5, 6, 7","2, 3, 4, 7","1, 3, 4, 6",NC,Nothing,"1, 2, 5",N,"1, 2, 3, 5"
244,Sylhet,20-29,Woman,Masters,Unemployed,1-2,Smartphone,<6 mn,3,1,4.0,Y,Y,Y,"1, 6","Smartphone, Laptop",1,"1, 5","3, 4, 6, 7","1, 5",Y,Nothing,"3, 4",N,"1, 2"
245,Sylhet,20-29,Man,Bachelors,Student,3-4,Smartphone,<1 yr,3,1,2.0,N,Y,N,1,Smartphone,1,5,"2, 3, 4","2, 5",NC,Nothing,,N,"1, 2"
246,Dhaka,20-29,Woman,Bachelors,Teacher,3-4,Laptop,<4 yr,6,"1, 7",4.0,N,N,N,"1, 4",Laptop,2,"1, 3","3, 4","2, 4",NC,Nothing,,N,2
247,Chittagong,20-29,Woman,High School,Student,3-4,Smartphone,<4 yr,3,1,2.0,N,N,Y,1,"Smartphone, Laptop",2,6,"2, 3, 4, 6, 7","1, 2, 3, 4, 5, 6, 7",NC,Nothing,,N,
248,Chittagong,20-29,Man,Masters,Unemployed,6-8,Smartphone,<4 yr,4,2,5.0,Y,Y,N,"1, 3","Smartphone, Featurephone, Desktop, Laptop",1,"1, 2, 3, 4, 6","2, 3, 4, 5","1, 2, 3",Y,Nothing,"1, 2, 3, 4, 5, 6",N,"1, 2, 3, 4"
249,Chittagong,20-29,Man,Bachelors,Student,1-2,Desktop,>4 yr,3,1,1.0,Y,N,N,1,Desktop,1,5,4,6,NC,Nothing,,,2
250,Chittagong,20-29,Woman,Bachelors,Student,3-4,Laptop,<6 mn,3,1,1.0,N,N,Y,1,Laptop,3,"1, 3, 5","3, 4, 7","5, 6, 7",NC,Nothing,"1, 2, 4",N,2
251,Chittagong,20-29,Woman,Bachelors,Student,1-2,Smartphone,<4 yr,"1, 2, 5, 6","1, 8",5.0,Y,Y,Y,"1, 4","Smartphone, Featurephone, Desktop, Laptop",3,"5, 6, 7","3, 4, 7","1, 2, 3, 4, 5, 6",Y,Nothing,"1, 2, 3, 4, 5, 6",N,"1, 2, 3, 5"
252,Dhaka,20-29,Man,Bachelors,Unemployed,3-4,Smartphone,<4 yr,"1, 3","1, 5",5.0,N,N,N,"1, 4","Smartphone, Desktop, Laptop",3,"1, 4, 5, 7","2, 3, 4","3, 4, 5, 6",NC,Desktop,"1, 2, 4",,"1, 2, 3"
253,Rajshahi,20-29,Man,Bachelors,Student,4-6,Smartphone,<2 yr,1,1,5.0,Y,Y,N,1,Smartphone,3,5,1,,NC,Nothing,2,,2
254,Chittagong,20-29,Man,Masters,Unemployed,3-4,Smartphone,<2 yr,3,1,3.0,N,N,N,4,"Smartphone, Desktop",3,"3, 5, 6","4, 6, 7","2, 4, 6",NC,Nothing,"2, 3, 4",,"1, 2"
255,Rajshahi,20-29,Man,Bachelors,Student,1-2,Smartphone,<2 yr,3,1,1.0,Y,Y,N,1,Smartphone,2,6,3,2,NC,Nothing,,,
256,Sylhet,20-29,Man,High School,Student,3-4,Desktop,<4 yr,"2, 3, 10",1,1.0,Y,Y,N,"1, 6","Smartphone, Featurephone, Desktop, Tablet",1,"1, 5, 6, 7","3, 4, 7","3, 4, 6, 7",NC,Nothing,"2, 3, 4",N,6
257,Chittagong,20-29,Man,High School,Student,6-8,Smartphone,<6 mn,2,3,5.0,N,Y,Y,"1, 4","Smartphone, Desktop, Laptop",3,"6, 7","3, 4, 6, 7","2, 3, 4, 5, 6",NC,Nothing,"2, 3, 4",N,"1, 2, 3"
258,Dhaka,20-29,Woman,Bachelors,Student,3-4,Laptop,<1 yr,6,1,5.0,N,Y,Y,1,Tablet,2,1,6,5,N,Smartphone,2,N,1
259,Rajshahi,20-29,Man,High School,Student,4-6,Smartphone,<6 mn,3,"1, 3",5.0,Y,Y,N,4,"Smartphone, Laptop",3,"3, 6",4,3,NC,Nothing,,,
260,Chittagong,20-29,Man,High School,Student,3-4,Smartphone,<2 yr,6,7,5.0,N,Y,N,5,"Smartphone, Laptop",1,7,2,6,Y,Nothing,"2, 3, 4",N,"1, 2"
261,Dhaka,20-29,Man,Bachelors,Technical Works,3-4,Featurephone,<1 yr,"5, 6",3,4.0,N,N,N,"2, 4",Laptop,3,"1, 5, 6","3, 4","2, 3, 4, 5",NC,Nothing,"1, 4, 6",,"1, 2, 3"
262,Dhaka,20-29,Woman,Bachelors,Student,1-2,Featurephone,>4 yr,5,1,5.0,N,N,Y,1,Laptop,1,"1, 4, 7","1, 3, 4","3, 4, 5, 6",NC,Featurephone,"4, 5",,"2, 3"
263,Chittagong,20-29,Man,High School,Student,3-4,Smartphone,<2 yr,"1, 2, 3, 5, 6",1,4.0,Y,N,N,"1, 4","Smartphone, Laptop","2, 3","5, 6","2, 3, 4, 7",5,NC,Nothing,"1, 2, 3, 4",,"1, 2, 3, 4"
264,Khulna,20-29,Man,Bachelors,Student,4-6,Smartphone,<2 yr,3,1,1.0,N,N,Y,2,"Smartphone, Laptop",2,5,"3, 4, 7","4, 5, 6",N,Nothing,"1, 2, 3, 4, 5, 6",N,"1, 2, 3, 4, 5"
265,Sylhet,20-29,Man,Bachelors,Student,4-6,Smartphone,<1 yr,"3, 4",1,2.0,Y,Y,N,"1, 4, 6","Smartphone, Featurephone, Laptop","2, 3",6,"3, 4, 5, 7","1, 2, 3, 4, 5, 6, 7",Y,Nothing,"2, 3",Y,
266,Dhaka,30-39,Man,Masters,Business,10-12,Smartphone,<6 mn,"3, 6",1,5.0,N,N,Y,1,"Smartphone, Laptop, Tablet",1,"1, 5, 7",1,"1, 5",Y,Nothing,"3, 4",N,"1, 2"
267,Dhaka,20-29,Man,Masters,Unemployed,6-8,Smartphone,<1 yr,3,1,1.0,N,N,Y,4,"Smartphone, Desktop, Laptop",3,"1, 6","3, 4, 7","1, 2, 5, 6",Y,Desktop,1,N,"2, 3, 4"
268,Dhaka,20-29,Man,Bachelors,Student,4-6,Smartphone,<2 yr,"1, 3, 6",1,4.0,N,N,N,"1, 2, 5","Smartphone, Featurephone, Laptop",1,"5, 6","3, 4, 7",1,NC,Nothing,1,,
269,Khulna,20-29,Man,High School,Student,4-6,Smartphone,<6 mn,"1, 2, 3",1,5.0,N,N,Y,"1, 4","Smartphone, Featurephone, Desktop, Laptop",1,"4, 5, 6, 7","3, 4, 7","3, 4, 5",N,Nothing,"2, 3",N,"1, 2, 3"
270,Khulna,20-29,Man,High School,Student,3-4,Featurephone,>4 yr,1,1,4.0,Y,N,N,1,Smartphone,3,"5, 6, 7","3, 4, 7","5, 6, 7",NC,Nothing,4,,"1, 2"
271,Khulna,20-29,Man,High School,Student,3-4,Featurephone,>4 yr,1,1,4.0,Y,N,N,1,Smartphone,3,"5, 6, 7","3, 4, 7","5, 6, 7",NC,Nothing,4,,"1, 2"
272,Sylhet,20-29,Man,Bachelors,Student,4-6,Smartphone,<4 yr,3,1,1.0,Y,Y,N,1,Smartphone,1,"6, 7","3, 4, 6, 7",2,N,Nothing,1,N,"1, 2"
273,Mymensingh,20-29,Woman,Bachelors,Student,3-4,Smartphone,<6 mn,1,1,4.0,N,N,N,1,Smartphone,1,3,"2, 4, 6","5, 6",NC,Nothing,"1, 3",N,"1, 2, 3, 5"
274,Mymensingh,20-29,Woman,Bachelors,Student,1-2,Smartphone,<2 yr,2,2,1.0,N,N,N,1,"Smartphone, Desktop",1,"1, 4, 5, 6","3, 4","3, 4, 5, 6",NC,Nothing,4,,"1, 2"
275,Dhaka,30-39,Woman,Masters,Doctor,3-4,Laptop,<2 yr,3,3,5.0,N,Y,Y,"1, 4",Laptop,1,5,"3, 4","3, 4, 6",NC,Nothing,"2, 3, 5",,"1, 2"
276,Chittagong,30-39,Man,Bachelors,Job,4-6,Smartphone,<1 yr,"2, 5, 6",1,5.0,Y,N,Y,"1, 4","Smartphone, Featurephone, Laptop",3,"1, 6, 7","4, 6, 7","2, 4, 6, 7",NC,Nothing,"2, 3, 4, 5",,"1, 2"
277,Dhaka,20-29,Man,Bachelors,Student,8-10,Smartphone,<1 mn,3,"1, 3, 4",5.0,Y,N,N,1,"Smartphone, Laptop",3,"1, 5","3, 6","2, 3, 5, 6",NC,"Smartphone, Desktop","1, 2, 4",Y,"1, 2, 3"
278,Chittagong,20-29,Man,High School,Student,3-4,Smartphone,<6 mn,"1, 2",1,1.0,Y,Y,Y,1,Smartphone,1,"1, 3, 5","3, 4, 7","4, 5, 6",NC,Smartphone,"1, 2",,"1, 2, 5"
279,Dhaka,20-29,Man,Bachelors,Teacher,6-8,Featurephone,<4 yr,"2, 3",1,1.0,Y,Y,N,"1, 4","Smartphone, Featurephone, Desktop, Laptop","2, 3","1, 4, 5, 6, 7","2, 3","4, 5, 6, 7",NC,Nothing,"1, 2",N,2
280,Mymensingh,20-29,Man,High School,Student,8-10,Smartphone,<6 mn,"1, 3",1,1.0,Y,N,N,1,"Smartphone, Desktop, Laptop","2, 3",1,"2, 3, 4, 5, 6, 7","1, 2, 3, 4, 5, 6",NC,"Smartphone, Featurephone, Desktop, Laptop, Tablet","1, 2, 3, 4, 5",,"1, 2, 3, 4"
281,Dhaka,30-39,Man,Masters,Teacher,3-4,Smartphone,<4 yr,"2, 3",3,5.0,N,N,Y,"1, 5","Smartphone, Featurephone, Desktop, Laptop",1,5,"3, 4",,N,Nothing,,N,6
282,Dhaka,30-39,Man,Masters,Teacher,6-8,Laptop,<1 yr,3,4,5.0,Y,Y,Y,1,"Smartphone, Featurephone, Laptop",2,"5, 6",1,"4, 6",Y,Laptop,4,Y,2
283,Dhaka,20-29,Man,Bachelors,Student,3-4,Smartphone,<4 yr,2,3,1.0,N,N,N,"1, 4, 5",Desktop,3,"5, 7","3, 4","4, 6",NC,Nothing,,Y,2
284,Dhaka,20-29,Man,High School,Student,12-,Laptop,<1 mn,"2, 3, 6",1,1.0,N,N,N,4,"Featurephone, Tablet",3,"3, 6, 7","1, 4, 6",,NC,Nothing,,,"1, 2, 3"
285,Dhaka,20-29,Man,High School,Student,1-2,Smartphone,<1 mn,3,1,1.0,Y,Y,N,"1, 4",Smartphone,3,4,"2, 3","2, 4",NC,Nothing,2,,3
286,Dhaka,30-39,Man,Bachelors,Unemployed,3-4,Laptop,<2 yr,3,1,1.0,Y,Y,Y,1,"Smartphone, Featurephone, Desktop, Laptop",3,4,4,6,Y,Nothing,2,N,3
287,Rongpur,20-29,Woman,High School,Student,3-4,Desktop,<4 yr,1,1,3.0,N,Y,Y,1,"Smartphone, Laptop",2,"3, 5","3, 4","4, 6, 7",N,Nothing,2,N,"2, 5"
288,Rongpur,20-29,Woman,Bachelors,Student,3-4,Featurephone,<4 yr,5,1,5.0,Y,Y,Y,1,"Smartphone, Featurephone",1,5,"3, 4, 7","3, 4, 5, 6",Y,Nothing,"2, 3",N,1
289,Rongpur,20-29,Woman,Bachelors,Student,4-6,Featurephone,<1 yr,3,1,5.0,Y,Y,Y,1,"Smartphone, Featurephone","2, 3","1, 5, 7","3, 4, 6, 7","3, 4, 5, 6",Y,Nothing,"1, 2, 3, 5",N,"1, 2"
290,Rongpur,20-29,Man,Bachelors,Student,12-,Smartphone,<1 mn,"1, 3, 6",1,2.0,Y,Y,N,"1, 3","Smartphone, Laptop",2,"1, 2, 3, 5","3, 4, 6","1, 3, 5, 6",Y,Smartphone,"1, 2",N,1
291,Mymensingh,20-29,Woman,Bachelors,Student,3-4,Smartphone,<2 yr,6,1,1.0,N,N,N,1,"Smartphone, Laptop",2,"1, 4, 7","3, 4, 6","5, 6, 7",NC,Nothing,"3, 4",N,"1, 2"
292,Rongpur,20-29,Man,Bachelors,Student,6-8,Smartphone,<6 mn,4,6,1.0,Y,Y,N,1,"Smartphone, Laptop",1,5,"3, 4, 6, 7","3, 4, 5",Y,Nothing,3,N,1
293,Rongpur,20-29,Man,Bachelors,Student,3-4,Smartphone,<6 mn,3,1,1.0,N,Y,Y,"1, 4","Smartphone, Laptop",3,3,1,1,Y,Nothing,"2, 3, 4, 6",Y,"1, 2, 3, 4"
294,Rongpur,20-29,Woman,Bachelors,Student,1-2,Smartphone,<1 mn,,,,N,Y,Y,1,Smartphone,2,1,6,1,Y,Smartphone,1,N,4
295,Rongpur,20-29,Woman,High School,Student,3-4,Desktop,<6 mn,6,1,4.0,N,N,N,6,Smartphone,1,1,4,4,NC,Nothing,,,1
296,Rongpur,20-29,Woman,Masters,Homemaking,12-,Laptop,<6 mn,11,1,1.0,N,N,N,4,Laptop,2,5,"2, 3, 4","3, 6, 7",Y,Nothing,,N,"1, 2, 3, 5"
297,Dhaka,20-29,Woman,High School,Student,3-4,Desktop,<1 yr,"1, 2, 3, 5, 6",4,5.0,Y,N,Y,"1, 2, 3","Smartphone, Desktop","1, 2","1, 3, 5, 6","2, 3, 4, 6, 7","2, 3, 5, 6, 7",Y,"Smartphone, Desktop","2, 3, 4, 5, 6",N,"1, 2, 3, 4, 5"
298,Chittagong,20-29,Man,High School,Student,1-2,Smartphone,<4 yr,4,6,1.0,Y,Y,Y,6,Featurephone,2,"1, 3, 6","3, 4, 7","3, 4, 6",Y,Nothing,"3, 4, 5, 6",N,"1, 2"
299,Chittagong,20-29,Man,High School,Student,4-6,Smartphone,<2 yr,3,1,5.0,N,N,Y,5,"Smartphone, Laptop",2,"1, 5, 6, 7","3, 4, 7","1, 2, 3, 4, 6",NC,Nothing,"3, 4",,2
300,Dhaka,20-29,Man,High School,Student,4-6,Featurephone,<2 yr,"1, 2, 3, 5, 6","1, 2, 4, 5",5.0,N,N,N,"1, 4","Featurephone, Desktop, Laptop",3,"1, 5, 6","2, 3, 4, 5, 6, 7","1, 2, 3, 4, 5, 6, 7",Y,Laptop,"1, 2, 4, 6",,"1, 2, 3, 5"
301,Rongpur,30-39,Woman,Masters,Teacher,3-4,Smartphone,<1 mn,3,1,5.0,N,N,Y,"1, 5","Smartphone, Desktop, Laptop",2,"1, 4, 5, 7","2, 3, 4, 7","1, 3, 6",NC,Nothing,"1, 6",N,"1, 2, 5"
302,Rongpur,20-29,Man,Bachelors,Student,4-6,Smartphone,<2 yr,3,1,1.0,Y,Y,Y,1,Smartphone,1,3,"2, 4",2,Y,"Smartphone, Desktop, Tablet","1, 2, 4",Y,2
303,Rongpur,20-29,Woman,Bachelors,Student,4-6,Smartphone,<1 yr,3,2,5.0,N,N,N,1,"Smartphone, Laptop",1,4,3,"2, 3, 4, 5, 6",N,Nothing,"3, 4",N ,"1, 2"
304,Rongpur,20-29,Man,Bachelors,Student,6-8,Smartphone,<1 yr,"2, 6",1,5.0,N,Y,Y,"1, 4",Smartphone,"2, 3",6,"4, 7","2, 3, 4, 5",NC,Featurephone,"1, 2",N,"1, 2"
305,Rongpur,20-29,Woman,Masters,Teacher,4-6,Smartphone,<2 yr,3,1,2.0,Y,N,N,1,"Smartphone, Desktop",2,"3, 6",4,"3, 4, 5, 6",NC,Nothing,3,N,"2, 5"
306,Rongpur,20-29,Man,Bachelors,Student,3-4,Smartphone,<1 yr,3,1,5.0,Y,Y,Y,"1, 4","Smartphone, Featurephone",2,"1, 6, 7",3,"2, 3, 4, 5, 7",NC,Nothing,"1, 3, 4",Y,"1, 2"
307,Rongpur,20-29,Woman,Bachelors,Student,3-4,Smartphone,<2 yr,4,6,1.0,N,N,Y,"1, 2","Smartphone, Desktop, Laptop",1,"1, 7","2, 4, 7","6, 7",NC,Nothing,,,4
308,Dhaka,20-29,Man,High School,Labor,3-4,Smartphone,<2 yr,4,,1.0,Y,Y,Y,6,"Smartphone, Featurephone",3,6,"3, 4, 6, 7","3, 5, 6, 7",N,Nothing,"1, 3, 4",N,"1, 2, 5"
309,Rongpur,20-29,Man,Bachelors,Student,3-4,Smartphone,<2 yr,"3, 6","1, 4",1.0,Y,Y,Y,1,Smartphone,3,5,"3, 6","2, 3, 4, 5, 6",Y,Smartphone,"1, 3, 4",N,"1, 2, 4"
310,Rongpur,20-29,Woman,Bachelors,Student,1-2,Featurephone,>4 yr,4,6,1.0,N,Y,Y,1,Featurephone,1,"5, 6, 7","3, 4, 6, 7","2, 4, 5, 6",N,Nothing,"1, 3, 4",N,"1, 2, 3"
311,Rongpur,20-29,Woman,Bachelors,Student,3-4,Smartphone,<2 yr,4,6,1.0,Y,Y,Y,1,Smartphone,1,5,3,3,N,Smartphone,1,N,2
312,Rongpur,20-29,Woman,Bachelors,Student,1-2,Smartphone,<4 yr,3,1,2.0,Y,Y,Y,1,Smartphone,2,"1, 3, 5, 6, 7","3, 4, 5, 7","2, 3, 4, 5, 6",Y,Nothing,"1, 2, 3, 4, 5, 6",N,"1, 2, 3"
313,Rongpur,20-29,Woman,Bachelors,Student,1-2,Smartphone,<2 yr,"1, 2, 5",1,5.0,Y,Y,Y,1,Smartphone,1,"5, 6","3, 4, 7","4, 6, 7",N ,Smartphone,"1, 2, 3, 4, 5",Y ,"1, 2"
314,Rongpur,20-29,Man,High School,Student,1-2,Smartphone,<2 yr,"1, 6, 7",1,2.0,Y,Y,Y,"1,  2",Smartphone,2,"1, 2, 3, 4, 5, 6, 7","1, 2, 3, 4, 5, 6, 7","1, 2, 3, 4, 5, 6, 7",N,Nothing,1,Y ,1
315,Rongpur,20-29,Woman,Bachelors,Student,4-6,Smartphone,<2 yr,"1, 2, 3, 4",1,2.0,N,Y,Y,"1, 4",Smartphone,2,"1, 3, 5, 6, 7","3, 4, 6, 7","4, 6, 7",N,Nothing,"1, 2, 3, 4, 5",N,5
316,Rongpur,20-29,Man,Bachelors,Student,6-8,Smartphone,<2 yr,"2, 4",1,5.0,Y,Y,Y,1,"Smartphone, Featurephone, Laptop",1,"1, 5","3, 4, 6, 7","1, 2, 4, 5, 6",Y,Nothing,"1, 5",N,5
317,Rongpur,20-29,Man,Bachelors,Student,6-8,Smartphone,<2 yr,"2, 4",1,5.0,Y,Y,Y,1,"Smartphone, Featurephone, Laptop",1,"1, 5","3, 4, 6, 7","1, 2, 4, 5, 6",Y,Nothing,"1, 5",N,5
318,Rongpur,20-29,Woman,Bachelors,Student,1-2,Smartphone,<2 yr,3,1,5.0,Y,N,N,1,Smartphone,2,6,3,6,N,Nothing,2,N,2
319,Rajshahi,20-29,Man,Bachelors,Student,4-6,Smartphone,<1 yr,6,1,5.0,Y,Y,N,4,Smartphone,"2, 3",5,"3, 4, 6","2, 3, 6",Y,Nothing,"1, 2, 4",N,"1, 2"
320,Rongpur,30-39,Woman,Masters,Teacher,6-8,Laptop,<2 yr,3,1,2.0,Y,N,Y,1,Tablet,1,5,3,4,NC,Nothing,2,,2
321,Rongpur,20-29,Man,Bachelors,Student,4-6,Smartphone,<2 yr,4,6,1.0,Y,Y,Y,1,"Smartphone, Featurephone, Laptop",1,"5, 6","3, 4, 6, 7","1, 2, 3, 5","Y
",Nothing,"1, 4",Y,"2, 5"
322,Chittagong,20-29,Man,Bachelors,Student,3-4,Smartphone,<4 yr,4,,2.0,Y,N,N,1,Smartphone,3,"6, 7",4,4,NC,Smartphone,4,Y,2
323,Rongpur,20-29,Man,High School,Student,0,Smartphone,<2 yr,"1, 2, 3, 5, 6",1,5.0,Y,N,N,"1, 4",Smartphone,"2, 3","1, 6","3, 4, 6","2, 4, 5, 6, 7",NC,Nothing,"1, 4",,"1, 2, 3, 4"
324,Rongpur,20-29,Man,High School,Student,3-4,Smartphone,<1 yr,"2, 6",1,5.0,Y,Y,Y,4,Smartphone,"2, 3","1, 5, 6","3, 7","3, 5, 6",NC,Nothing,3,N,2
325,Rongpur,20-29,Man,Bachelors,Student,1-2,Featurephone,>4 yr,3,1,5.0,N,N,N,1,Featurephone,1,5,"3, 4",2,Y,Featurephone,1,N,
326,Mymensingh,30-39,Man,SSC,Business,4-6,Smartphone,<1 mn,"2, 5, 6",1,5.0,N,N,Y,1,Desktop,3,6,"3, 4, 6","2, 3, 5, 6",NC,Nothing,2,N,"1, 2"
327,Rongpur,30-39,Man,Masters,Teacher,1-2,Laptop,<2 yr,3,1,1.0,Y,N,N,1,Laptop,1,1,"3, 4, 7","2, 3, 4",NC,Nothing,"1, 2",,"1, 2"
328,Rongpur,20-29,Woman,Bachelors,Student,4-6,Smartphone,<2 yr,"1, 3, 4",1,2.0,N,Y,Y,"1, 4","Smartphone, Featurephone","2, 3","1, 3, 5, 6, 7","1, 3, 4, 6, 7","2, 4, 5, 6",N,Nothing,"1, 2, 3, 5",N,"4, 5"
329,Rongpur,20-29,Woman,Bachelors,Student,3-4,Smartphone,<1 yr,3,1,2.0,Y,N,N,1,"Smartphone, Laptop",1,"1, 4","2, 3, 4, 6","2, 4, 6",N,Nothing,4,N,"1, 2, 3"
330,Barisal,30-39,Man,Bachelors,Job,4-6,Smartphone,<4 yr,"1, 2",1,5.0,N,Y,Y,3,"Smartphone, Desktop, Laptop",2,6,2,3,NC,Smartphone,4,Y,"1, 2"
331,Dhaka,30-39,Man,Masters,Job,1-2,Smartphone,<4 yr,3,1,1.0,Y,Y,N,1,"Smartphone, Desktop",2,5,3,5,N,Nothing,1,N,"1, 2"
332,Barisal,20-29,Man,Bachelors,Student,3-4,Smartphone,<1 yr,3,3,4.0,Y,Y,Y,1,Smartphone,1,5,4,4,N,Smartphone,1,N,5
333,Barisal,20-29,Man,Bachelors,Student,3-4,Desktop,<4 yr,3,1,1.0,Y,N,N,1,Desktop,3,1,1,2,NC,Nothing,1,,
334,Barisal,20-29,Man,SSC,Student,1-2,Smartphone,<1 yr,1,1,1.0,N,N,N,1,Smartphone,1,7,2,2,NC,Nothing,1,,4
335,Barisal,30-39,Man,Masters,Job,1-2,Smartphone,<4 yr,3,1,2.0,Y,Y,Y,1,Smartphone,2,5,2,"4, 5",N,Nothing,1,N,"1, 2, 3"
336,Barisal,20-29,Man,Bachelors,Student,1-2,Tablet,<1 mn,4,,,Y,N,N,3,"Smartphone, Desktop",2,4,1,5,NC,Smartphone,1,N,3
337,Dhaka,20-29,Man,High School,Student,4-6,Smartphone,<1 yr,3,3,4.0,Y,N,Y,4,Smartphone,3,6,3,5,N,Smartphone,2,N,3
338,Barisal,1-19,Man,SSC,Student,3-4,Smartphone,<1 yr,3,4,5.0,Y,Y,Y,1,Smartphone,2,"5, 6","3, 4, 7","4, 5, 6",Y,Smartphone,"2, 3",,1
339,Barisal,20-29,Man,Bachelors,Teacher,8-10,Smartphone,<6 mn,3,1,2.0,Y,Y,Y,1,Smartphone,1,6,1,4,Y,Nothing,,N,4
340,Barisal,20-29,Man,Masters,Job,3-4,Smartphone,<1 yr,1,1,4.0,N,N,Y,4,Desktop,3,6,3,3,NC,Desktop,1,,1
341,Dhaka,20-29,Man,Bachelors,Student,4-6,Smartphone,<6 mn,3,1,5.0,N,N,N,1,"Smartphone, Featurephone",1,5,"3, 4, 6, 7","2, 3, 4, 5, 6",N,Nothing,5,N,"1, 2, 3, 5"
342,Barisal,20-29,Man,Bachelors,Student,12-,Smartphone,<6 mn,3,1,5.0,Y,Y,N,4,"Smartphone, Laptop, Tablet",3,"1, 3, 6","3, 4, 5, 6","1, 2, 3, 4, 5, 6, 7",Y,Nothing,"2, 3, 4",N,"1, 2, 3, 4, 5"
343,Barisal,20-29,Man,Bachelors,Student,10-12,Smartphone,<6 mn,3,1,5.0,Y,Y,N,"4, 6 ","Smartphone, Desktop",3,"1, 2, 3, 5, 6","3, 4, 5, 6","1, 2, 3, 4, 5, 6, 7",Y,Nothing,"1, 2, 3, 4, 6",N,"1, 2, 3, 4, 5"
344,Barisal,1-19,Man,SSC,Student,0,Smartphone,>4 yr,"2, 3, 6",3,5.0,N,N,Y,1,Smartphone,1,4,1,4,N,Smartphone,1,Y,3
345,Barisal,20-29,Man,High School,Student,1-2,Smartphone,<6 mn,"3, 6",1,5.0,Y,N,N,"1, 4",Smartphone,1,"2, 5, 6","3, 4","1, 2, 3, 5, 6",NC,Nothing,"3, 4",Y,"1, 2, 3"
346,Dhaka,20-29,Woman,Bachelors,Student,3-4,Desktop,<4 yr,"1, 2, 6",1,3.0,Y,Y,N,"1, 2",Desktop,1,"5, 6","3, 4","1, 3, 6",Y,Nothing,"2, 3, 5",N,"1, 2, 3"
347,Dhaka,20-29,Man,Bachelors,Student,4-6,Smartphone,<1 mn,1,3,5.0,Y,N,N,1,Smartphone,3,"1, 5, 6","3, 4","1, 4",NC,Nothing,1,N,2
348,Dhaka,20-29,Man,Bachelors,Student,3-4,Smartphone,<4 yr,3,1,1.0,N,Y,N,4,Smartphone,"2, 3",6,"6, 7",6,NC,Nothing,3,,"1, 2"
349,Dhaka,20-29,Man,Masters,Job,4-6,Smartphone,<6 mn,6,3,4.0,Y,N,N,"1, 2","Smartphone, Desktop, Laptop",1,"5, 6, 7","3, 4, 7","2, 3, 4, 5, 6",NC,"Smartphone, Desktop, Laptop","1, 2, 4",N,"1, 2"
350,Mymensingh,20-29,Man,High School,Student,3-4,Smartphone,<4 yr,"1, 2, 6",1,4.0,N,N,Y,"1, 4","Smartphone, Desktop","2, 3","1, 3, 5, 6, 7","3, 4","4, 7",N,Nothing,"1, 2, 3",N,"1, 2, 3, 4, 5"
