,division,age,gender,edu,occupation,device_count_5_yr,last_dumped_device,dump_within,did_with_device,did_with_data,miss_dev,memory_dev,miss_another,dump_reason_new,dump_reason_old,dump_reason_break,dump_reason_theft,dump_reason_slow,dump_reason_lag,device_to_rep_Desktop,device_to_rep_Featurephone,device_to_rep_Laptop,device_to_rep_Smartphone,device_to_rep_Tablet,self_try_No,self_try_Failed,self_try_Success,slt_lack_tu,slt_lack_lang,slt_lack_notint,slt_lack_fear,slt_lack_parts,slt_lack_repairer,rprd_usage_chlng_No,rprd_usage_chlng_reluc,rprd_usage_chlng_dur,rprd_usage_chlng_fault,rprd_usage_chlng_econ,rprd_usage_chlng_theft,rpr_missing_trait_behave,rpr_missing_trait_ineff,rpr_missing_trait_harm,rpr_missing_trait_hard,rpr_missing_trait_wage,rpr_missing_trait_trust,rpr_missing_trait_gender,bad_rep_exp,dev_tknto_rec_Y,dev_rec_chlng_fair_price,dev_rec_chlng_usable,dev_rec_chlng_datasec,dev_rec_chlng_env_poll,dev_rec_chlng_hard_find,will_dev_rec
0,Dhaka,20-29,Woman,Bachelors,Student,6-8,Smartphone,<2 yr,1,5,Y,Y,Y,0,1,1,0,0,1,1,0,1,1,1,0,0,1,1,0,0,0,1,1,0,0,1,1,0,0,0,0,0,0,1,0,0,NC,1,0,0,1,0,0,NC
1,Dhaka,20-29,Man,High School,Student,4-6,Smartphone,<2 yr,1,5,N,N,N,0,1,0,0,0,1,1,0,1,0,0,0,1,0,1,1,1,0,1,0,0,0,1,1,1,0,1,0,0,1,0,1,1,NC,1,1,0,0,1,0,NC
2,Dhaka,20-29,Man,High School,Student,3-4,Smartphone,<1 mn,6,4,Y,Y,N ,0,1,0,0,0,0,0,0,1,1,0,0,0,1,0,0,0,1,0,0,0,0,1,0,0,0,0,1,0,0,0,0,0,N,0,0,1,0,0,0,N
3,Dhaka,20-29,Man,Bachelors,Student,4-6,Laptop,<1 yr,1,1,Y,Y,Y,0,0,1,0,0,0,1,0,1,1,0,0,1,0,1,1,0,1,1,0,0,0,1,1,0,0,1,1,0,1,1,1,0,NC,1,0,1,1,1,0,N
4,Dhaka,20-29,Woman,High School,Student,4-6,Smartphone,<4 yr,1,5,N,Y,Y,0,0,0,0,0,1,1,1,1,1,0,0,1,1,0,0,0,1,1,0,0,0,1,1,0,0,0,1,1,1,1,1,0,NC,0,0,0,0,0,0,N
5,Dhaka,20-29,Man,High School,Student,4-6,Smartphone,<2 yr,1,1,N,N,N,1,1,0,0,0,1,0,0,1,0,0,0,1,1,0,0,0,1,1,0,0,0,1,1,0,0,0,0,0,0,0,0,0,NC,0,0,0,1,1,0,NC
6,Dhaka,20-29,Man,High School,Student,4-6,Desktop,<4 yr,3,4,N,Y,N,1,1,0,0,0,1,0,0,1,0,0,1,0,0,1,0,0,1,1,1,0,1,1,0,1,0,0,0,0,0,0,1,1,NC,0,0,0,0,1,0,N
7,Dhaka,20-29,Man,High School,Student,4-6,Smartphone,<2 yr,3,5,N,N,Y,0,1,0,0,0,0,1,0,0,1,0,1,0,0,0,0,1,0,0,0,0,0,1,0,0,0,0,0,1,1,0,0,0,NC,1,0,1,0,0,0,Y
8,Dhaka,20-29,Man,Bachelors,Student,3-4,Smartphone,<6 mn,1,1,N,Y,Y,1,1,1,0,0,1,0,0,1,1,0,0,0,1,0,0,0,0,1,1,1,0,0,0,0,0,0,1,0,1,1,1,0,Y,1,1,1,1,1,0,N
9,Dhaka,20-29,Man,High School,Student,3-4,Smartphone,<2 yr,1,1,N,N,N,0,1,1,0,0,0,0,0,1,0,1,0,1,0,1,1,0,1,0,0,0,0,1,1,1,0,0,0,0,1,1,1,0,NC,0,1,0,0,0,0,NC
10,Dhaka,20-29,Man,Bachelors,Student,6-8,Tablet,<6 mn,1,5,Y,Y,Y,0,1,0,0,0,1,0,1,1,0,0,0,0,1,0,0,1,1,1,0,1,0,0,1,0,0,0,0,0,1,0,1,0,NC,1,0,0,0,1,0,N
11,Dhaka,20-29,Woman,Bachelors,Job,6-8,Smartphone,<1 mn,6,4,N,N,Y,1,1,0,0,0,1,0,0,1,1,0,1,0,0,0,0,1,0,0,0,1,0,0,0,0,0,0,0,0,0,1,0,0,NC,1,1,0,0,0,0,N
12,Dhaka,20-29,Woman,Bachelors,Student,6-8,Smartphone,<6 mn,1,1,N,N,N,1,1,0,0,0,1,0,0,1,1,0,0,1,1,0,0,1,0,1,1,0,1,1,1,0,0,0,0,0,0,0,1,0,NC,0,0,0,0,0,0,NC
13,Dhaka,20-29,Man,Bachelors,Student,4-6,Smartphone,<1 yr,1,5,N,Y,Y,0,0,0,0,0,0,1,0,1,0,0,0,1,0,1,0,0,0,1,1,1,0,0,0,0,0,1,0,0,0,0,1,0,N,0,0,1,0,1,0,N
14,Dhaka,20-29,Man,Bachelors,Student,4-6,Laptop,<6 mn,3,4,N,Y,Y,0,1,0,0,0,0,0,0,1,0,0,0,1,0,1,0,0,0,0,1,0,1,1,1,0,0,0,0,0,1,1,1,0,N,0,1,0,0,0,0,N
15,Dhaka,20-29,Man,Bachelors,Student,4-6,Smartphone,<4 yr,1,2,N,Y,Y,0,0,1,0,0,0,1,0,1,1,0,0,1,1,0,0,0,1,0,1,0,0,1,1,0,0,1,0,1,1,0,1,0,Y,0,1,0,1,1,0,N
16,Dhaka,20-29,Man,Bachelors,Student,4-6,Smartphone,<2 yr,1,4,N,N,N,0,0,1,0,0,1,0,0,1,0,0,0,1,1,0,0,0,1,0,1,0,0,1,1,0,1,0,0,1,0,0,0,0,Y,0,1,1,1,1,0,N
17,Dhaka,20-29,Woman,Bachelors,Job,3-4,Laptop,<6 mn,1,1,N,N,N,0,0,0,0,0,1,0,0,1,0,0,0,1,0,1,0,0,1,0,0,0,0,1,1,0,0,1,0,0,1,1,1,0,NC,1,0,0,0,1,0,NC
18,Dhaka,20-29,Man,Bachelors,Unemployed,3-4,Desktop,<6 mn,4,5,N,N,Y,0,0,1,0,0,0,1,0,1,1,1,1,0,0,0,0,0,1,1,0,0,0,1,1,0,0,1,1,1,1,0,1,0,NC,1,0,0,1,1,0,Y
19,Dhaka,20-29,Man,Masters,Job,4-6,Tablet,<1 yr,1,1,N,Y,Y,0,0,0,0,0,1,1,1,1,1,0,1,0,0,0,0,0,1,0,0,1,0,0,0,0,0,0,0,0,1,0,0,0,NC,0,1,0,0,0,0,Y
20,Dhaka,20-29,Woman,Masters,Job,3-4,Smartphone,<6 mn,1,1,N,Y,N,0,0,1,0,0,0,1,0,1,0,0,0,0,1,0,0,0,1,0,0,1,0,0,0,0,0,0,0,1,0,1,1,1,NC,0,1,0,1,0,1,N
21,Dhaka,20-29,Man,Bachelors,Job,6-8,Smartphone,<4 yr,1,1,N,N,N,1,0,0,1,0,0,0,0,1,1,0,0,1,1,1,0,0,0,1,0,0,1,0,0,1,0,0,1,0,1,0,0,0,Y,1,0,0,1,0,0,N
22,Dhaka,20-29,Man,Bachelors,Teacher,3-4,Smartphone,<2 yr,2,1,N,Y,Y,0,0,1,1,0,0,1,0,0,0,0,1,0,0,0,0,1,1,1,0,0,0,1,1,0,0,1,0,0,0,0,1,0,NC,0,1,1,0,0,0,Y
23,Dhaka,20-29,Man,High School,Student,6-8,Desktop,<2 yr,1,1,N,Y,Y,0,0,1,0,0,0,1,1,0,1,0,0,0,1,1,1,1,0,0,1,0,0,1,1,1,0,0,1,1,1,1,1,0,Y,0,1,1,0,0,0,N
24,Dhaka,20-29,Man,Bachelors,Teacher,4-6,Smartphone,>4 yr,1,5,Y,Y,Y,0,1,1,0,0,0,0,0,0,1,0,1,0,0,1,0,0,0,0,0,1,0,1,1,0,0,1,1,1,1,1,1,1,NC,0,1,1,1,1,1,N
25,Dhaka,20-29,Man,Bachelors,Teacher,3-4,Smartphone,<2 yr,1,1,N,Y,Y,1,1,0,0,0,1,0,0,1,1,0,0,0,1,1,0,0,1,1,0,0,1,1,1,0,0,0,1,0,1,0,0,0,NC,0,1,0,1,0,0,N
26,Dhaka,20-29,Man,Masters,Technical Works,6-8,Smartphone,<6 mn,1,5,N,N,N,1,0,0,0,0,1,1,0,1,1,0,0,0,1,0,0,1,1,0,0,0,1,1,1,0,0,0,0,0,1,0,1,0,NC,1,0,1,0,0,0,NC
27,Dhaka,20-29,Man,Bachelors,Technical Works,1-2,Smartphone,<6 mn,1,5,Y,Y,Y,0,0,1,0,0,0,1,0,0,1,0,0,0,1,0,0,0,0,0,1,0,1,1,1,0,0,0,0,0,0,1,0,0,NC,0,0,1,0,0,0,N
28,Dhaka,1-19,Woman,Bachelors,Student,1-2,Smartphone,<1 mn,6,4,N,N,N,1,0,0,0,0,0,0,0,0,1,0,1,0,0,0,0,1,0,0,0,1,0,0,0,0,0,0,0,0,0,0,1,0,NC,0,0,0,0,0,0,NC
29,Dhaka,20-29,Man,Bachelors,Unemployed,3-4,Smartphone,<4 yr,1,5,N,N,N,0,0,1,0,0,0,1,0,1,1,0,0,1,1,0,1,0,1,1,1,0,1,1,1,0,0,0,0,0,0,1,1,0,NC,0,0,0,0,0,0,NC
30,Dhaka,20-29,Woman,High School,Student,3-4,Smartphone,<6 mn,1,5,Y,Y,Y,0,0,1,0,0,1,1,0,1,0,0,0,1,1,1,0,0,1,0,0,0,0,1,1,0,0,0,1,1,1,1,0,0,N,1,0,0,1,1,0,Y
31,Dhaka,20-29,Man,Bachelors,Student,3-4,Smartphone,<6 mn,1,1,Y,N,N,0,1,0,0,0,0,0,0,1,1,0,1,0,0,0,0,0,0,0,1,0,1,0,0,0,0,0,0,0,0,0,1,0,NC,0,0,0,1,1,1,N
32,Dhaka,20-29,Man,Bachelors,Job,4-6,Laptop,<6 mn,1,1,N,Y,Y,0,1,0,0,0,0,1,0,1,1,0,0,0,1,1,1,1,1,1,1,0,0,1,1,0,0,0,1,1,1,0,1,0,Y,1,1,0,0,0,0,NC
33,Dhaka,20-29,Man,High School,Student,1-2,Smartphone,<2 yr,1,1,N,N,N,0,0,1,0,0,0,0,0,0,1,0,1,0,0,0,0,0,1,0,0,0,1,1,1,0,0,0,0,0,1,1,1,0,N,0,0,0,1,0,0,N
34,Dhaka,20-29,Man,High School,Student,3-4,Featurephone,<2 yr,1,1,Y,Y,N,0,0,1,0,0,0,0,0,0,1,0,1,0,0,0,0,0,0,1,0,1,0,0,0,0,0,0,1,0,0,0,0,0,NC,0,1,1,1,1,0,NC
35,Dhaka,30-39,Woman,Masters,Teacher,3-4,Tablet,<6 mn,7,1,N,Y,Y,1,0,0,0,0,0,1,0,1,1,0,0,1,0,1,0,0,1,0,1,0,0,1,1,0,0,0,1,0,1,0,1,1,NC,0,0,0,0,0,0,N
36,Dhaka,20-29,Man,Bachelors,Job,10-12,Smartphone,<1 yr,1,2,Y,Y,N,0,0,1,0,0,0,1,0,1,1,0,1,1,1,1,1,0,1,1,0,1,0,1,1,0,0,1,1,1,1,1,1,0,NC,0,0,1,1,0,1,N
37,Dhaka,1-19,Man,High School,Student,3-4,Smartphone,<1 yr,1,3,Y,Y,Y,0,0,0,0,1,0,1,0,0,1,0,0,0,1,1,1,0,0,1,0,0,1,0,0,0,0,0,0,1,1,1,1,0,Y,1,0,0,1,1,0,N
38,Dhaka,20-29,Man,Bachelors,Student,1-2,Featurephone,<4 yr,1,1,N,N,N,0,0,0,0,1,0,0,0,1,1,0,0,0,1,0,0,1,0,0,0,0,0,1,1,0,0,0,0,0,1,1,1,0,NC,0,1,1,0,0,0,NC
39,Dhaka,20-29,Man,Bachelors,Student,3-4,Smartphone,<4 yr,6,5,N,N,N,0,0,0,1,0,0,0,0,1,0,0,0,1,0,0,0,0,1,0,0,0,1,0,0,0,0,0,0,1,0,0,0,0,NC,0,0,0,1,0,0,N
40,Dhaka,20-29,Man,Bachelors,Student,3-4,Smartphone,<2 yr,1,1,N,N,N,0,0,1,0,0,0,0,0,0,1,0,0,1,1,1,1,0,0,1,1,0,0,1,1,0,0,0,1,0,0,1,1,1,NC,0,1,0,0,0,0,NC
41,Chittagong,30-39,Woman,Masters,Lawyer  ,4-6,Smartphone,<2 yr,1,2,N,Y,Y,0,0,1,0,0,0,0,0,1,1,0,1,0,0,0,0,0,1,0,0,0,0,1,0,0,0,0,0,0,1,0,1,0,N,0,1,0,1,1,1,N
42,Dhaka,20-29,Man,High School,Student,3-4,Smartphone,<2 yr,1,2,Y,Y,N,0,0,1,0,0,0,1,0,0,1,0,0,0,1,0,0,1,1,0,0,0,0,1,1,0,0,0,0,0,1,0,1,0,NC,0,0,0,1,1,1,N
43,Dhaka,20-29,Woman,High School,Student,1-2,Smartphone,<1 yr,1,2,Y,N,Y,0,0,0,1,0,0,0,0,0,1,0,0,1,0,0,0,0,0,0,0,0,0,1,0,1,0,0,0,1,1,0,0,0,NC,0,0,0,0,0,0,NC
44,Dhaka,20-29,Man,Bachelors,Student,10-12,Featurephone,<6 mn,1,1,N,N,Y,0,0,1,0,0,0,0,0,0,1,0,1,0,0,0,0,1,0,0,0,0,1,0,0,0,0,0,0,0,0,0,0,0,NC,0,0,0,0,0,0,NC
45,Dhaka,20-29,Man,High School,Student,3-4,Smartphone,<1 yr,1,5,Y,Y,Y,0,1,0,0,0,1,0,0,0,1,0,0,1,0,1,1,0,0,0,0,0,0,0,1,0,0,0,0,0,0,1,1,0,N,1,1,1,0,0,0,N
46,Dhaka,20-29,Woman,Bachelors,Student,3-4,Smartphone,<1 yr,1,1,Y,Y,Y,1,0,0,0,0,0,0,0,1,1,0,1,0,0,0,1,1,1,0,0,0,1,1,1,0,0,0,0,1,1,1,1,0,NC,0,0,0,0,0,0,N
47,Dhaka,20-29,Man,Masters,Teacher,6-8,Smartphone,<2 yr,1,1,Y,Y,Y,0,0,1,0,0,0,0,0,1,1,0,0,1,0,0,0,0,1,1,0,0,0,1,1,0,0,1,0,0,0,0,1,0,Y,1,1,0,1,1,0,Y
48,Dhaka,20-29,Man,Masters,Teacher,6-8,Smartphone,<2 yr,1,1,Y,Y,Y,0,0,1,0,0,0,0,0,1,1,0,0,1,0,0,0,0,1,1,0,0,0,1,1,0,0,1,0,0,0,0,1,0,Y,1,1,0,1,1,0,Y
49,Dhaka,20-29,Man,High School,Student,4-6,Smartphone,<1 yr,1,5,Y,Y,Y,0,0,0,0,0,1,0,0,1,1,0,0,1,0,1,0,1,1,0,0,1,1,1,1,0,0,1,0,0,1,1,0,0,N,1,1,0,0,0,0,N
50,Dhaka,1-19,Woman,Bachelors,Student,1-2,Smartphone,<4 yr,1,1,Y,Y,Y,0,1,1,0,0,1,0,0,1,1,0,1,0,0,0,0,1,1,0,0,0,1,1,1,1,0,0,1,1,1,0,0,1,N,0,0,0,1,0,0,N
51,Dhaka,20-29,Man,High School,Student,6-8,Featurephone,<4 yr,1,1,N,N,N,0,1,0,0,0,0,1,1,0,1,0,0,1,1,1,0,0,0,1,1,0,1,0,0,0,0,0,0,0,0,1,1,1,NC,0,1,1,0,0,0,N
52,Dhaka,20-29,Man,High School,Student,12-,Tablet,<4 yr,1,3,N,Y,Y,0,0,0,0,0,1,1,0,1,1,0,0,1,0,1,1,0,1,0,1,1,0,1,0,0,0,0,0,0,1,1,1,0,Y,1,0,1,0,0,0,N
53,Dhaka,20-29,Woman,High School,Student,6-8,Tablet,<2 yr,1,5,N,N,N,1,0,0,0,0,0,1,1,1,1,0,0,0,1,0,0,0,1,0,0,0,0,0,1,0,0,0,0,0,0,1,1,1,NC,1,0,1,0,1,0,NC
54,Dhaka,20-29,Man,High School,Student,3-4,Smartphone,<6 mn,1,5,Y,N,N,0,1,0,0,0,0,0,0,0,1,0,0,1,0,1,1,0,1,1,1,0,1,1,1,1,0,1,0,0,0,0,0,0,NC,0,1,1,0,1,1,NC
55,Dhaka,20-29,Man,Bachelors,Job,6-8,Laptop,<1 yr,1,5,N,N,N,0,0,1,0,0,1,0,1,1,0,1,0,1,1,0,0,0,0,1,0,0,0,1,0,0,0,0,0,0,1,0,1,0,NC,0,0,0,0,0,0,NC
56,Dhaka,20-29,Woman,High School,Student,1-2,Featurephone,>4 yr,1,5,Y,Y,Y,0,0,0,0,0,0,1,0,1,1,0,0,1,1,1,1,0,0,1,0,0,1,1,1,0,0,0,0,1,1,0,1,1,NC,1,1,0,1,1,0,N
57,Dhaka,20-29,Man,Bachelors,Student,3-4,Smartphone,<2 yr,1,5,Y,Y,N,0,1,0,0,0,1,1,0,0,1,0,0,0,1,1,1,0,0,1,0,0,1,1,0,0,0,0,1,1,1,1,0,0,Y,1,1,0,1,0,0,N
58,Dhaka,30-39,Man,Bachelors,Job,4-6,Desktop,<1 yr,1,5,Y,Y,N,1,1,1,0,0,1,1,0,0,0,1,0,0,1,1,0,0,1,0,0,0,1,0,0,0,0,0,1,0,0,0,0,0,N,1,0,1,1,1,1,Y
59,Dhaka,20-29,Man,Bachelors,Teacher,4-6,Smartphone,<6 mn,1,2,Y,Y,N,0,0,1,0,0,0,1,0,1,1,0,0,0,1,1,0,0,1,1,1,0,0,1,1,0,0,1,1,0,1,1,0,0,Y,1,1,1,1,1,0,N
60,Chittagong,30-39,Man,Masters,Teacher,4-6,Smartphone,<6 mn,1,4,N,Y,Y,0,1,1,0,0,0,1,0,1,1,0,0,1,1,0,0,0,1,1,0,0,0,1,0,0,0,0,1,1,1,0,0,0,Y,1,0,1,0,1,0,N
61,Dhaka,30-39,Man,Bachelors,Technical Works,6-8,Smartphone,<6 mn,1,2,Y,N,Y,0,0,1,0,0,0,1,0,1,1,0,0,1,0,0,1,0,0,0,0,0,0,1,1,1,0,1,0,0,1,0,1,0,NC,1,0,0,1,1,0,N
62,Dhaka,1-19,Man,High School,Student,1-2,Smartphone,<6 mn,6,1,Y,Y,N,0,0,0,1,0,0,0,0,0,1,0,0,1,0,1,0,0,0,1,0,0,0,0,1,0,0,1,1,1,1,1,1,0,N,0,1,1,1,0,1,N
63,Dhaka,70+,Man,Bachelors,Retired,3-4,Smartphone,<1 yr,1,1,N,Y,N,1,1,0,0,0,0,1,0,0,1,0,1,0,0,0,0,0,0,0,0,0,0,1,1,0,0,0,0,1,0,1,1,0,Y,0,1,1,1,0,0,N
64,Dhaka,20-29,Man,High School,Student,8-10,Featurephone,<1 yr,1,1,N,Y,Y,0,0,0,1,0,0,0,0,1,1,1,1,0,0,0,0,0,1,0,0,0,0,1,1,0,0,0,1,0,1,0,0,0,Y,0,0,1,0,0,0,N
65,Chittagong,30-39,Man,Bachelors,Business,3-4,Laptop,<2 yr,1,5,Y,Y,N,0,1,0,0,0,0,1,0,1,1,0,0,1,0,0,0,0,1,1,1,0,0,1,1,0,0,0,0,0,0,0,0,0,NC,0,0,0,0,0,0,N
66,Dhaka,20-29,Man,Bachelors,Student,3-4,Tablet,<6 mn,1,1,N,Y,Y,0,1,0,0,0,0,0,0,0,1,0,0,1,0,1,0,0,0,0,0,0,0,1,0,0,0,0,1,0,0,0,0,0,NC,1,1,0,0,0,0,Y
67,Dhaka,20-29,Man,Bachelors,Student,3-4,Smartphone,<2 yr,1,5,N,Y,Y,1,1,0,0,0,1,0,1,0,1,1,0,0,1,1,0,0,1,1,0,0,0,1,1,1,0,0,1,1,1,1,1,0,Y,1,1,0,0,1,0,N
68,Dhaka,20-29,Man,Bachelors,Student,6-8,Tablet,<1 yr,3,4,N,N,Y,1,0,0,0,0,0,0,0,0,0,1,1,0,0,0,0,1,1,1,1,0,0,1,1,0,0,0,0,0,1,0,0,0,NC,0,1,0,0,0,0,Y
69,Dhaka,20-29,Man,High School,Student,3-4,Smartphone,<4 yr,1,5,N,Y,N,0,0,1,0,0,1,0,0,1,1,0,0,1,1,0,0,1,0,0,1,0,1,1,0,1,0,0,0,0,0,1,0,0,NC,0,1,0,0,1,0,N
70,Rongpur,30-39,Man,Masters,Job,6-8,Smartphone,<2 yr,3,4,N,Y,Y,0,0,0,0,1,0,1,1,1,1,1,1,0,0,1,0,0,1,1,0,0,0,1,1,0,0,1,1,1,1,0,1,1,Y,0,1,1,0,1,0,Y
71,Dhaka,20-29,Woman,High School,Student,3-4,Tablet,<2 yr,1,4,N,N,Y,0,0,1,0,0,0,1,0,1,1,0,0,1,0,0,0,0,1,0,1,1,1,1,0,1,0,0,1,1,1,0,1,0,NC,0,1,1,1,1,0,NC
72,Dhaka,20-29,Woman,High School,Student,4-6,Smartphone,<1 yr,3,5,Y,N,Y,0,0,1,0,0,1,0,0,0,0,1,1,0,0,0,1,0,0,0,1,0,0,0,1,0,1,0,0,0,1,0,1,0,N,0,0,0,0,0,0,NC
73,Dhaka,30-39,Man,Masters,Banker,12-,Featurephone,>4 yr,1,5,N,N,Y,0,0,0,0,1,0,0,0,0,1,0,0,0,1,0,0,0,0,1,0,0,0,0,1,0,0,0,0,1,0,0,0,0,NC,1,1,0,0,0,0,NC
74,Dhaka,30-39,Man,Masters,Job,6-8,Smartphone,<2 yr,1,1,N,N,Y,0,1,0,0,0,0,1,0,0,1,0,0,0,1,0,0,0,1,1,0,0,0,0,1,0,1,0,0,0,1,1,1,0,NC,0,1,1,0,0,0,Y
75,Rongpur,20-29,Man,Bachelors,Student,3-4,Smartphone,<6 mn,3,5,N,N,N,1,1,0,0,0,1,1,1,1,1,0,0,1,1,1,1,0,1,0,0,0,0,1,1,0,1,1,1,1,0,1,1,0,NC,1,1,0,1,0,0,N
76,Chittagong,20-29,Man,Masters,Unemployed,4-6,Laptop,<2 yr,1,1,N,N,N,1,0,1,0,0,0,0,1,1,1,0,0,1,0,1,0,0,1,1,0,1,0,1,1,0,0,1,1,0,1,0,0,0,Y,1,1,0,1,0,0,N
77,Dhaka,30-39,Man,Masters,Job,3-4,Smartphone,<4 yr,1,1,N,N,N,0,0,1,0,0,0,0,0,0,1,0,1,0,0,1,1,0,1,0,0,0,0,1,1,0,1,0,0,0,1,1,1,0,NC,0,0,0,0,0,0,NC
78,Dhaka,20-29,Man,Bachelors,Student,4-6,Featurephone,<6 mn,1,1,N,N,N,1,0,0,0,0,0,0,1,0,0,0,0,0,1,0,0,0,0,1,0,0,0,1,1,0,1,0,0,0,1,1,1,0,NC,0,0,0,0,1,0,NC
79,Dhaka,30-39,Man,Masters,Job,8-10,Desktop,<1 yr,1,5,N,N,Y,1,0,1,0,0,0,1,1,1,1,1,0,0,1,0,0,0,0,1,0,1,0,0,0,0,0,0,0,0,1,0,1,0,Y,0,1,0,0,1,0,N
80,Dhaka,1-19,Man,High School,Student,3-4,Smartphone,<2 yr,7,4,N,Y,N,0,1,1,0,0,0,0,0,1,1,0,1,0,0,0,0,0,1,1,0,0,0,1,1,0,1,0,0,0,0,0,0,0,NC,0,1,0,0,1,1,N
81,Dhaka,30-39,Man,Masters,Job,1-2,Smartphone,<1 yr,1,1,N,N,N,1,0,0,0,0,0,1,1,1,1,0,0,1,0,0,0,1,0,0,1,1,0,0,0,0,0,1,1,0,1,1,1,0,NC,0,1,0,0,0,0,NC
82,Dhaka,30-39,Man,Masters,Job,12-,Laptop,<2 yr,3,5,N,Y,N,0,1,0,0,0,0,0,0,1,1,0,0,0,1,1,1,1,0,1,0,0,0,1,1,0,1,0,1,1,0,0,1,0,Y,0,1,0,0,1,0,N
83,Dhaka,20-29,Woman,High School,Student,1-2,Tablet,>4 yr,1,5,Y,N,N,0,0,1,0,0,0,0,0,1,0,0,0,1,0,0,0,0,0,0,1,0,0,1,0,0,0,0,0,1,0,0,0,0,NC,0,0,0,1,0,0,NC
84,Dhaka,1-19,Woman,High School,Student,4-6,Desktop,<2 yr,1,2,N,Y,Y,0,0,0,0,0,0,1,0,1,1,0,0,1,1,1,0,0,1,1,0,0,0,0,1,0,1,0,0,1,1,0,0,1,Y,0,0,0,0,1,0,N
85,Dhaka,20-29,Man,High School,Student,4-6,Tablet,<2 yr,1,1,Y,Y,Y,0,0,0,0,0,1,1,0,0,1,1,0,1,0,0,0,0,1,0,0,1,0,0,0,0,0,1,0,0,0,0,0,0,NC,1,0,0,1,0,0,Y
86,Dhaka,30-39,Man,Bachelors,Doctor,6-8,Tablet,<4 yr,7,4,N,N,Y,0,0,0,0,0,1,0,0,1,1,1,0,1,0,0,0,0,0,0,1,0,1,0,0,0,0,0,0,0,0,0,0,0,NC,0,1,0,0,0,0,NC
87,Dhaka,30-39,Man,Masters,Business,4-6,Desktop,<1 yr,1,1,Y,N,N,0,0,1,0,0,0,1,0,0,0,0,1,0,0,0,0,1,0,0,0,1,0,0,0,0,0,0,0,0,1,0,0,0,NC,1,1,0,0,0,0,NC
88,Dhaka,30-39,Man,Bachelors,Technical Works,4-6,Smartphone,<4 yr,1,1,N,N,N,0,1,0,0,1,1,1,0,1,1,0,0,0,1,1,1,0,1,0,1,0,0,1,1,0,1,1,0,0,1,0,1,0,NC,1,1,0,1,0,0,NC
89,Chittagong,20-29,Man,High School,Student,6-8,Smartphone,<6 mn,1,2,Y,Y,Y,0,0,1,0,0,0,1,0,1,1,0,0,1,1,1,1,0,1,0,1,1,0,1,1,1,0,1,1,0,1,1,1,0,Y,0,1,1,1,1,0,N
90,Dhaka,20-29,Man,Bachelors,Student,4-6,Desktop,<1 mn,1,5,Y,Y,Y,1,0,0,0,0,0,0,0,0,1,1,0,0,1,1,1,0,1,0,0,0,0,1,1,1,1,0,1,1,1,1,1,1,NC,0,0,0,1,0,0,N
91,Chittagong,20-29,Man,Bachelors,Student,4-6,Smartphone,<6 mn,1,1,N,N,N,0,0,1,0,0,0,0,0,1,0,0,0,1,1,1,0,0,0,0,0,0,0,0,0,0,1,0,0,0,1,1,1,0,NC,0,0,0,1,0,0,N
92,Dhaka,30-39,Man,Bachelors,Job,12-,Smartphone,<1 yr,1,5,Y,N,Y,0,0,1,0,0,0,0,0,0,1,1,0,0,1,1,0,0,0,1,0,1,1,0,1,0,1,0,0,0,1,0,1,1,NC,0,1,1,0,0,0,Y
93,Dhaka,30-39,Man,Bachelors,Job,12-,Smartphone,<1 yr,1,5,Y,N,Y,0,0,1,0,0,0,0,0,0,1,1,0,0,1,1,0,0,0,1,0,1,1,0,1,0,1,0,0,0,1,0,1,1,NC,0,1,1,0,0,0,Y
94,Rajshahi,20-29,Man,Bachelors,Student,3-4,Smartphone,<1 yr,1,4,N,N,N,0,0,0,0,0,1,0,0,1,1,0,1,0,0,0,0,0,1,0,0,0,0,0,1,0,1,0,0,0,1,0,1,0,NC,0,1,1,0,0,0,NC
95,Dhaka,20-29,Man,High School,Student,4-6,Smartphone,<2 yr,4,2,Y,Y,Y,1,1,1,0,1,1,0,1,0,1,0,0,0,1,0,0,0,1,1,1,0,0,1,1,0,1,0,1,0,1,0,0,0,NC,1,1,1,1,0,0,NC
96,Dhaka,20-29,Man,High School,Student,10-12,Smartphone,<6 mn,1,4,Y,Y,Y,0,0,1,0,0,1,1,1,1,1,1,0,0,1,0,0,1,0,0,1,0,1,0,0,0,1,1,1,1,1,1,1,1,NC,1,0,0,1,1,0,N
97,Barisal,30-39,Man,Masters,Unemployed,3-4,Featurephone,<2 yr,1,1,Y,Y,Y,0,0,1,0,0,0,1,0,0,1,0,1,0,0,0,1,0,0,0,0,0,0,1,0,0,1,0,0,0,0,0,0,0,Y,0,0,0,0,0,0,N
98,Dhaka,20-29,Woman,High School,Student,1-2,Smartphone,<6 mn,1,2,Y,Y,Y,0,0,1,0,0,0,0,1,1,1,0,0,1,0,1,1,0,1,1,0,0,1,1,0,0,0,0,1,0,1,0,0,0,NC,0,1,1,1,0,0,N
99,Dhaka,20-29,Woman,Masters,Student,4-6,Laptop,<6 mn,1,1,Y,Y,Y,0,0,1,0,0,1,0,0,0,1,0,1,0,0,1,0,1,1,0,1,0,1,0,0,0,1,0,1,1,0,1,0,1,NC,1,0,0,0,0,1,N
100,Dhaka,20-29,Man,Bachelors,Student,3-4,Smartphone,<6 mn,1,5,N,N,N,0,0,0,0,0,1,0,0,1,0,0,0,0,1,0,0,0,1,1,0,1,0,0,0,0,0,0,1,1,1,0,1,0,NC,1,0,0,0,1,1,NC
101,Dhaka,30-39,Man,Masters,Business,4-6,Smartphone,<1 yr,3,4,N,N,Y,1,0,0,0,0,0,1,0,1,1,0,1,0,0,0,0,1,0,0,0,1,1,0,0,0,0,0,0,1,0,0,1,0,N,0,0,0,1,0,0,N
102,Dhaka,20-29,Woman,High School,Student,1-2,Laptop,<1 mn,1,5,Y,Y,Y,0,0,0,0,1,0,0,0,0,1,0,1,0,0,0,0,0,1,0,1,0,0,1,1,0,1,0,0,0,0,1,1,0,NC,0,1,1,1,0,0,NC
103,Dhaka,20-29,Man,Bachelors,Unemployed,3-4,Smartphone,<2 yr,1,5,N,Y,Y,0,1,0,0,0,1,1,0,1,0,0,0,1,1,0,0,0,1,1,0,0,0,1,0,0,1,0,0,1,0,0,1,0,Y,1,1,0,0,0,0,Y
104,Khulna,20-29,Woman,Bachelors,Student,3-4,Smartphone,<2 yr,1,1,Y,Y,N,0,0,1,0,0,0,0,0,1,1,0,0,1,1,0,0,0,1,0,0,1,0,0,0,0,0,0,1,1,1,0,1,0,Y,0,1,0,0,0,0,Y
105,Dhaka,20-29,Man,Bachelors,Student,3-4,Smartphone,<6 mn,1,5,Y,Y,Y,1,1,0,0,0,1,1,0,0,1,0,0,0,1,1,0,0,0,1,0,0,1,1,0,0,1,0,1,0,1,1,0,0,NC,1,0,1,1,0,0,Y
106,Chittagong,20-29,Woman,Bachelors,Student,4-6,Laptop,<1 yr,1,5,N,N,N,0,0,1,0,0,1,0,1,1,1,0,1,0,0,0,0,0,1,0,0,0,0,1,1,0,0,0,1,0,1,0,1,0,NC,0,0,0,0,0,1,NC
107,Dhaka,20-29,Man,Bachelors,Student,3-4,Smartphone,<1 yr,1,5,N,N,Y,0,0,0,0,0,1,0,0,1,0,0,1,0,0,0,0,1,0,0,0,0,1,0,1,0,0,0,0,0,0,0,0,0,N,0,1,0,0,0,0,N
108,Barisal,20-29,Woman,Bachelors,Student,4-6,Smartphone,<6 mn,1,2,Y,Y,N,0,0,1,0,1,0,0,1,1,1,0,1,0,0,1,0,1,1,0,1,0,1,0,0,0,0,0,1,1,1,1,1,0,NC,0,0,1,1,1,0,NC
109,Dhaka,20-29,Woman,High School,Student,3-4,Smartphone,<4 yr,1,5,Y,N,N,0,0,0,0,0,1,0,0,1,0,0,0,0,1,1,0,0,0,0,0,0,0,0,1,0,0,0,1,0,0,0,1,0,NC,0,0,1,0,0,0,NC
110,Dhaka,20-29,Man,Bachelors,Student,3-4,Smartphone,<2 yr,1,4,N,N,N,0,1,1,0,1,1,0,0,0,1,0,0,1,1,1,0,1,1,1,1,0,1,1,1,0,0,1,1,1,1,1,1,0,NC,1,1,1,0,1,0,NC
111,Dhaka,20-29,Woman,Bachelors,Student,3-4,Tablet,<4 yr,3,1,N,N,N,0,0,0,0,0,0,0,0,1,0,0,1,0,0,0,1,0,0,0,0,0,1,0,0,0,0,0,1,1,0,1,1,0,NC,1,0,0,1,1,0,NC
112,Chittagong,30-39,Man,Bachelors,Job,4-6,Smartphone,<4 yr,7,5,N,Y,N,0,0,0,0,0,1,1,0,0,1,0,0,0,1,0,0,0,0,1,1,1,0,0,1,0,0,0,1,0,0,1,1,0,Y,0,0,0,0,0,0,N
113,Dhaka,20-29,Man,Bachelors,Job,4-6,Smartphone,<6 mn,1,1,Y,Y,Y,0,0,1,0,0,1,1,0,1,1,1,0,1,0,1,0,0,1,1,0,0,0,1,1,0,1,0,1,1,1,1,1,0,Y,0,0,0,1,1,0,N
114,Dhaka,30-39,Woman,Masters,Job,3-4,Tablet,<4 yr,1,1,N,N,Y,0,0,0,0,1,0,0,0,0,1,0,0,1,0,0,0,0,1,0,0,0,0,0,1,0,0,0,0,0,1,0,0,0,NC,1,0,0,1,0,0,NC
115,Dhaka,30-39,Man,Masters,Business,3-4,Smartphone,<2 yr,1,5,N,N,N,0,0,0,0,0,1,0,0,0,1,0,0,0,1,0,0,1,0,0,0,0,0,0,1,0,0,0,0,0,1,0,0,0,NC,1,1,0,0,0,0,NC
116,Dhaka,20-29,Woman,High School,Student,6-8,Smartphone,<1 yr,1,5,Y,Y,Y,0,1,0,0,0,0,0,0,0,1,0,0,0,1,0,0,0,0,1,0,0,0,1,1,1,0,0,0,1,0,1,0,0,Y,0,0,0,0,1,0,N
117,Khulna,20-29,Man,Bachelors,Student,1-2,Smartphone,<4 yr,5,5,N,Y,Y,0,0,1,0,0,0,0,1,1,1,0,0,1,1,0,0,0,1,1,0,0,1,1,1,0,1,0,1,0,1,1,1,0,Y,1,0,1,1,1,0,N
118,Dhaka,30-39,Man,Bachelors,Business,3-4,Smartphone,<4 yr,6,5,Y,Y,Y,0,0,0,1,0,0,0,0,1,0,0,0,0,1,0,0,1,1,0,0,1,0,0,0,0,0,0,0,0,0,1,1,0,N,0,0,1,0,1,0,N
119,Dhaka,40-49,Man,Masters,Technical Works,8-10,Smartphone,<1 mn,1,1,Y,N,Y,0,1,0,0,0,0,1,0,1,1,0,0,0,1,0,0,0,1,0,1,0,1,1,1,0,0,0,1,0,0,0,1,0,NC,0,0,0,0,0,0,NC
120,Dhaka,20-29,Man,Bachelors,Student,3-4,Smartphone,<6 mn,1,1,Y,Y,Y,1,1,0,0,0,1,0,0,1,1,0,0,1,1,1,1,1,1,0,0,0,1,1,1,1,1,1,1,1,1,1,1,1,NC,0,1,1,1,1,1,NC
121,Dhaka,30-39,Man,High School,Business,12-,Desktop,<4 yr,1,5,Y,N,N,0,1,0,0,0,0,0,0,0,1,0,0,0,1,0,0,1,0,0,0,0,1,0,0,0,0,0,0,0,0,0,0,0,NC,0,0,0,1,0,0,N
122,Khulna,20-29,Man,Bachelors,Student,1-2,Smartphone,<4 yr,1,1,N,N,N,0,0,1,0,0,0,0,0,0,1,0,0,1,0,1,0,0,0,0,1,0,0,1,1,0,1,0,1,1,1,1,1,0,Y,0,0,1,1,0,0,N
123,Dhaka,20-29,Man,Bachelors,Job,4-6,Laptop,<1 yr,1,5,Y,N,N,0,0,1,0,0,0,0,0,1,1,0,0,0,1,1,0,0,0,0,0,0,0,1,1,1,1,0,1,0,1,0,1,0,NC,0,1,1,1,1,0,NC
124,Dhaka,30-39,Man,Masters,Business,3-4,Smartphone,<2 yr,3,4,N,N,Y,0,0,1,0,0,0,1,0,1,1,0,0,1,0,1,0,0,1,1,0,0,0,1,1,0,1,0,1,0,1,0,1,1,Y,0,1,0,0,0,0,N
125,Khulna,20-29,Woman,Bachelors,Student,4-6,Smartphone,<2 yr,1,5,Y,Y,Y,0,0,1,0,0,1,0,0,0,1,0,0,1,0,1,0,0,1,0,0,0,1,0,1,1,1,0,1,0,1,1,1,0,N,0,0,0,1,1,1,N
126,Dhaka,20-29,Man,Bachelors,Job,3-4,Smartphone,<2 yr,1,5,N,N,N,1,0,0,0,0,1,1,0,1,1,0,0,1,0,1,0,1,1,0,0,0,1,0,1,1,1,1,1,0,1,1,1,0,NC,1,0,0,0,1,0,Y
127,Dhaka,20-29,Man,Bachelors,Student,4-6,Laptop,<1 yr,1,1,N,Y,N,0,0,1,0,0,1,0,0,1,1,0,1,0,0,0,0,0,1,0,0,0,1,0,0,0,0,0,0,1,0,0,1,0,N,0,1,0,0,0,0,Y
128,Dhaka,30-39,Man,Masters,Job,6-8,Laptop,<1 yr,3,5,N,N,Y,1,1,0,0,0,1,1,0,1,1,0,1,0,0,0,0,0,1,0,1,0,0,1,1,0,1,1,0,1,1,1,1,0,NC,0,1,0,0,0,0,Y
129,Dhaka,30-39,Man,Bachelors,Job,10-12,Smartphone,<1 yr,1,5,Y,Y,N,1,1,1,0,0,1,1,0,1,1,0,0,1,1,1,0,1,1,1,0,0,1,1,0,0,1,1,1,0,1,1,1,0,NC,0,0,0,1,1,0,NC
130,Khulna,30-39,Man,Masters,Job,4-6,Laptop,<1 yr,1,5,N,N,N,0,0,1,0,0,0,0,0,1,1,0,1,0,0,0,0,0,1,1,0,0,0,1,0,0,0,0,0,0,0,0,0,0,NC,0,0,0,0,0,0,NC
131,Chittagong,40-49,Man,Masters,Job,3-4,Smartphone,<6 mn,1,1,Y,N,N,0,0,1,0,0,0,0,0,0,1,0,1,0,0,1,0,0,1,0,0,0,1,1,1,0,1,0,0,1,1,0,1,0,NC,0,1,0,0,0,1,NC
132,Khulna,20-29,Man,Bachelors,Student,3-4,Smartphone,<4 yr,1,2,Y,N,N,0,0,1,0,0,0,0,1,1,1,0,1,0,0,0,0,0,0,0,1,1,0,0,0,0,0,0,0,0,0,0,0,0,N,0,1,1,1,0,0,N
133,Chittagong,20-29,Woman,Bachelors,Student,3-4,Smartphone,<6 mn,1,2,Y,Y,Y,0,0,1,0,0,0,1,0,0,1,0,1,0,0,0,0,1,1,1,0,0,0,1,1,0,1,0,1,1,1,1,0,0,Y,1,0,1,1,0,0,Y
134,Dhaka,20-29,Man,Bachelors,Unemployed,3-4,Smartphone,<6 mn,1,5,N,Y,Y,0,1,0,0,0,0,0,0,1,0,0,0,1,0,1,1,0,1,1,0,0,0,1,1,1,0,0,1,1,0,1,1,1,N,0,0,1,1,1,0,NC
135,Dhaka,20-29,Woman,High School,Student,0,Laptop,<1 yr,1,1,N,N,N ,0,0,0,0,0,1,0,0,1,1,0,1,0,0,0,0,1,0,1,0,0,0,1,1,0,1,0,0,0,1,1,1,0,N,0,0,1,1,1,0,N
136,Khulna,30-39,Man,Masters,Job,3-4,Smartphone,<1 yr,1,5,N,N,N,0,1,0,0,1,1,0,0,1,0,0,1,0,0,0,0,0,1,1,0,0,0,1,0,1,0,0,1,0,0,0,1,0,N,0,0,0,1,1,0,N
137,Dhaka,20-29,Man,High School,Student,4-6,Smartphone,<6 mn,1,2,N,N,N,0,0,1,0,0,0,1,0,0,1,0,0,1,1,0,0,0,0,1,0,0,0,1,1,0,0,0,1,0,1,1,1,0,NC,0,1,1,0,0,0,NC
138,Dhaka,20-29,Woman,Bachelors,Job,3-4,Laptop,>4 yr,1,1,Y,N,N,0,1,1,0,0,1,0,0,1,0,1,1,0,0,0,1,0,0,0,0,1,0,1,1,0,1,0,0,0,0,0,0,0,NC,0,1,1,1,1,1,NC
139,Dhaka,20-29,Woman,Bachelors,Student,3-4,Smartphone,>4 yr,1,2,N,N,N,0,0,1,0,0,0,1,0,1,1,0,0,1,0,1,1,0,1,0,0,0,1,1,1,1,1,1,1,1,1,1,1,1,NC,1,1,1,1,1,0,NC
140,Barisal,20-29,Man,Bachelors,Technical Works,3-4,Smartphone,<1 yr,1,5,N,N,N,0,1,0,0,0,1,0,0,1,1,0,0,1,0,1,0,0,1,1,0,0,0,1,0,1,0,0,0,0,0,1,1,0,NC,0,0,0,0,1,0,NC
141,Dhaka,1-19,Woman,High School,Student,1-2,Smartphone,<6 mn,1,4,N,Y,N,1,1,0,0,0,0,0,0,0,1,0,0,1,0,0,0,0,1,0,1,0,1,1,1,0,0,0,0,1,0,0,0,0,N,0,0,0,0,1,0,N
142,Khulna,20-29,Man,High School,Student,3-4,Desktop,<2 yr,1,2,N,N,N,0,0,1,0,0,0,0,0,0,1,0,0,0,1,1,0,0,0,1,0,0,0,1,1,0,0,1,1,1,1,1,1,0,Y,1,1,1,0,1,0,N
143,Dhaka,20-29,Woman,High School,Student,4-6,Smartphone,<2 yr,1,1,N,Y,Y,1,1,0,0,0,1,0,0,1,1,0,0,0,1,1,0,1,1,0,1,0,1,1,1,1,1,0,1,1,1,0,1,0,Y,0,1,1,0,0,0,N
144,Chittagong,20-29,Man,Bachelors,Student,4-6,Desktop,<1 mn,1,1,N,Y,Y,0,0,0,0,0,0,0,0,1,0,0,0,0,1,0,0,0,0,1,0,1,0,0,0,0,0,0,1,1,1,1,1,0,Y,0,0,0,0,0,0,N
145,Dhaka,20-29,Man,High School,Student,6-8,Laptop,<2 yr,5,4,Y,N,Y,0,0,1,0,0,0,1,0,1,1,0,1,0,0,0,0,0,1,0,0,0,0,1,0,0,0,0,0,0,0,1,0,0,NC,0,1,0,1,1,0,N
146,Khulna,20-29,Woman,High School,Student,1-2,Smartphone,<1 mn,1,1,Y,N,N,1,0,0,0,0,0,0,0,0,0,0,1,0,0,0,0,0,0,1,0,0,0,1,1,0,0,0,0,1,0,0,0,0,NC,0,0,1,0,0,0,Y
147,Dhaka,20-29,Woman,High School,Student,4-6,Featurephone,<6 mn,1,5,Y,Y,Y,1,1,0,1,1,0,1,0,1,1,0,0,1,0,0,0,0,0,0,0,0,0,0,0,0,1,0,0,1,0,0,1,1,NC,0,0,0,1,0,0,N
148,Dhaka,20-29,Woman,Bachelors,Student,3-4,Smartphone,<2 yr,1,5,N,N,N,0,0,1,0,0,0,0,0,0,1,0,1,0,0,0,0,0,0,1,0,0,0,1,1,0,0,0,0,1,0,0,1,0,NC,1,1,0,0,0,0,N
149,Dhaka,20-29,Man,Masters,Student,4-6,Smartphone,<2 yr,1,5,N,N,N,0,0,0,0,1,0,0,0,0,0,1,0,0,1,0,0,0,0,1,1,0,1,0,0,0,0,0,0,0,0,0,0,0,NC,0,0,0,1,1,0,NC
150,Dhaka,20-29,Man,Bachelors,Student,12-,Laptop,<6 mn,3,3,N,N,Y,0,0,0,0,0,1,1,1,1,0,0,0,1,0,0,1,0,0,1,0,0,1,1,1,0,0,1,0,0,0,1,1,1,NC,0,1,0,1,1,1,N
151,Dhaka,20-29,Woman,Masters,Freelancing,3-4,Smartphone,<1 mn,1,5,Y,Y,Y,0,0,1,0,0,0,1,0,1,0,0,0,0,1,0,0,0,0,0,1,0,0,1,1,0,1,0,1,1,0,0,1,0,NC,0,0,1,1,1,0,N
152,Dhaka,20-29,Man,Bachelors,Student,6-8,Smartphone,<6 mn,1,2,Y,N,N,1,0,1,0,0,0,0,0,0,1,0,1,1,0,0,0,0,1,1,0,0,0,1,0,0,0,0,0,0,1,1,0,0,NC,1,1,0,0,1,0,NC
153,Dhaka,30-39,Man,Masters,Technical Works,4-6,Smartphone,<1 yr,1,5,N,N,N,0,0,0,0,1,0,0,0,0,1,0,0,0,1,0,0,0,1,0,1,0,1,1,1,0,0,0,0,0,0,1,1,0,NC,1,1,0,0,0,0,NC
154,Khulna,20-29,Man,Bachelors,Student,1-2,Smartphone,<1 mn,1,1,Y,Y,N,0,0,1,0,0,0,0,0,0,1,0,1,0,0,0,0,0,0,0,0,0,0,1,0,0,0,0,1,0,0,0,0,0,NC,1,0,1,0,0,0,N
155,Khulna,20-29,Man,Bachelors,Student,1-2,Smartphone,<1 mn,1,1,Y,Y,N,0,0,1,0,0,0,0,0,0,1,0,1,0,0,0,0,0,0,0,0,0,0,1,0,0,0,0,1,0,0,0,0,0,NC,1,0,1,0,0,0,N
156,Dhaka,30-39,Man,Masters,Job,4-6,Smartphone,<6 mn,1,2,N,N,Y,0,0,1,0,0,0,0,0,1,1,0,0,1,0,0,0,0,1,0,0,0,0,1,1,0,1,1,1,0,1,0,1,0,Y,1,1,0,1,0,0,Y
157,Chittagong,20-29,Man,High School,Student,3-4,Smartphone,<6 mn,1,5,N,Y,N,0,1,0,0,0,0,0,0,1,0,0,1,0,0,0,0,0,1,0,0,0,1,1,1,0,0,0,0,0,0,0,0,0,NC,0,0,0,0,0,0,NC
158,Dhaka,20-29,Woman,High School,Student,4-6,Smartphone,<1 yr,1,1,N,N,N,1,0,0,0,0,0,0,0,1,1,0,0,1,0,1,0,0,0,0,0,0,1,0,0,0,0,0,0,0,0,0,1,0,NC,0,0,1,0,0,0,NC
159,Dhaka,30-39,Man,Bachelors,Doctor,6-8,Smartphone,<1 yr,1,2,Y,Y,Y,0,0,1,0,0,0,0,0,0,1,0,0,0,1,0,0,0,1,0,0,0,0,1,1,0,1,0,0,1,1,0,1,0,Y,0,0,0,1,1,0,N
160,Dhaka,30-39,Man,Masters,Business,4-6,Laptop,<2 yr,1,5,Y,N,N,0,0,1,0,0,0,1,0,0,1,0,0,1,0,0,0,0,0,0,1,0,0,1,0,0,0,0,0,0,0,0,1,0,NC,0,0,0,1,0,0,N
161,Dhaka,20-29,Man,Bachelors,Technical Works,3-4,Smartphone,<6 mn,3,4,N,N,N,0,0,1,0,0,0,1,0,1,0,0,0,1,0,0,0,1,0,0,0,0,0,1,0,0,0,0,0,0,0,1,1,0,NC,0,1,0,0,0,0,NC
162,Dhaka,30-39,Woman,Masters,Unemployed,3-4,Smartphone,<6 mn,1,1,Y,N,Y,0,0,1,0,0,0,1,0,1,1,0,0,1,0,0,0,0,1,1,0,0,1,1,1,1,0,0,1,0,1,0,1,0,NC,0,0,0,1,0,0,N
163,Khulna,20-29,Woman,Bachelors,Doctor,1-2,Tablet,<6 mn,1,1,N,Y,Y,0,0,0,0,0,1,0,0,0,1,0,1,1,1,0,0,0,1,0,1,0,1,0,0,0,0,0,0,0,0,1,0,0,N,0,0,0,0,1,0,N
164,Sylhet,20-29,Man,Bachelors,Unemployed,4-6,Laptop,<4 yr,1,1,N,N,N,1,0,1,0,0,0,0,0,1,1,0,0,1,1,0,0,1,1,1,0,0,0,1,1,0,0,0,0,0,1,1,1,0,NC,0,0,0,0,0,0,NC
165,Dhaka,20-29,Man,High School,Student,3-4,Smartphone,<2 yr,1,1,N,N,N,0,1,0,0,0,0,0,0,0,1,0,1,0,0,0,0,0,1,1,0,0,0,1,1,0,1,0,0,0,0,0,0,0,NC,0,0,0,0,0,0,NC
166,Dhaka,30-39,Man,Masters,Job,3-4,Laptop,<4 yr,4,5,N,N,N,0,0,1,0,0,0,0,0,1,1,0,0,1,0,1,0,0,1,0,0,0,0,1,0,1,0,0,1,0,0,0,1,0,NC,1,0,1,0,1,0,NC
167,Dhaka,30-39,Man,Masters,Technical Works,4-6,Smartphone,<1 yr,3,4,N,N,Y,0,0,0,0,1,1,1,0,1,1,0,0,0,1,1,1,0,0,0,0,1,0,0,0,0,0,0,0,0,1,0,1,0,N,0,0,0,0,1,1,N
168,Dhaka,20-29,Woman,Bachelors,Student,3-4,Smartphone,<1 yr,1,5,Y,Y,Y,1,1,0,0,1,1,1,0,0,1,0,0,1,0,1,1,0,1,1,0,0,1,1,1,0,1,1,0,1,1,1,1,0,N,1,1,0,1,1,1,N
169,Khulna,20-29,Man,High School,Job,12-,Smartphone,<2 yr,3,2,Y,Y,Y,0,0,1,0,1,0,1,1,1,1,0,0,0,1,1,1,0,0,0,0,0,0,1,1,0,1,1,1,0,1,0,1,0,NC,0,1,1,1,1,0,NC
170,Rajshahi,20-29,Man,Bachelors,Student,6-8,Smartphone,<1 mn,4,2,Y,Y,Y,0,0,1,0,0,0,0,0,0,1,0,0,1,0,1,0,0,0,1,0,1,0,0,0,0,0,1,0,1,1,1,1,1,Y,1,1,0,0,1,1,Y
171,Dhaka,20-29,Man,Bachelors,Unemployed,3-4,Featurephone,<4 yr,2,2,Y,N,N,0,0,1,0,0,0,0,0,1,0,0,0,0,1,1,0,0,0,0,0,0,0,0,1,0,0,0,0,0,0,0,1,0,NC,0,1,0,0,0,0,NC
172,Dhaka,20-29,Man,Bachelors,Job,6-8,Desktop,<2 yr,3,5,N,Y,Y,1,1,0,0,0,1,1,0,1,1,0,0,1,1,1,0,1,1,0,0,0,0,1,1,0,1,0,0,0,0,1,0,0,N,0,0,0,1,1,1,N
173,Dhaka,20-29,Woman,Bachelors,Technical Works,3-4,Laptop,<2 yr,3,3,N,Y,N,0,1,0,0,0,1,0,1,1,1,0,1,0,0,0,0,1,0,1,1,0,1,1,1,0,0,0,1,0,0,0,0,0,NC,0,1,0,0,0,0,N
174,Mymensingh,20-29,Man,Bachelors,Student,4-6,Smartphone,<1 yr,1,5,N,N,N,1,1,0,0,0,0,1,0,0,1,0,0,0,1,1,0,0,1,1,0,1,0,1,0,1,0,0,1,0,1,1,0,0,NC,0,0,0,1,1,0,N
175,Dhaka,20-29,Man,Bachelors,Unemployed,3-4,Smartphone,<2 yr,1,3,Y,Y,Y,0,0,0,0,1,0,0,1,1,1,0,0,0,1,0,0,0,0,1,0,0,1,1,1,0,0,1,0,0,0,0,1,0,Y,1,0,0,0,0,0,N
176,Dhaka,30-39,Man,Masters,journalist,3-4,Laptop,<2 yr,1,1,N,Y,N,0,1,1,0,0,1,1,0,1,0,0,1,0,0,0,0,0,1,1,0,0,0,1,1,0,1,0,1,0,1,1,1,0,N,0,0,0,0,0,0,N
177,Dhaka,20-29,Man,Bachelors,Job,6-8,Laptop,<1 mn,3,4,Y,N,Y,0,0,1,0,0,0,0,0,1,1,0,0,0,1,0,1,0,0,0,0,0,0,0,0,0,0,0,0,0,0,0,0,0,N,0,0,0,0,0,0,N
178,Chittagong,20-29,Man,High School,Student,1-2,Smartphone,<6 mn,1,2,N,N,N,0,0,1,0,1,1,0,0,1,1,0,1,0,0,0,0,0,1,1,1,0,1,1,1,1,1,0,1,1,1,1,1,0,NC,1,1,1,1,0,0,NC
179,Dhaka,20-29,Woman,High School,Student,3-4,Desktop,<2 yr,1,1,N,N,N,1,0,0,0,0,0,0,0,0,1,0,1,0,0,0,0,1,0,0,0,0,1,0,0,0,0,0,0,0,0,1,0,0,N,0,1,0,0,0,0,Y
180,Khulna,20-29,Woman,Bachelors,Student,1-2,Smartphone,<6 mn,6,1,Y,Y,Y,0,0,0,1,0,0,1,0,1,1,0,1,0,0,0,0,0,0,0,1,0,0,1,1,1,1,0,1,0,1,1,1,0,N,0,0,1,0,0,0,N
181,Dhaka,20-29,Man,Bachelors,Student,1-2,Featurephone,<2 yr,1,5,Y,Y,N,1,0,0,0,0,0,0,0,0,1,0,0,1,0,0,0,0,1,0,0,0,0,1,0,0,0,0,0,0,0,1,0,0,N,0,0,1,0,0,0,Y
182,Dhaka,20-29,Man,Bachelors,Student,4-6,Desktop,<2 yr,1,1,Y,Y,Y,0,0,1,0,0,0,1,0,1,0,0,0,0,1,1,0,0,1,0,0,0,1,1,1,0,1,0,0,1,1,0,1,1,NC,0,0,0,1,1,0,N
183,Khulna,20-29,Woman,Bachelors,Student,3-4,Smartphone,<4 yr,1,2,Y,Y,Y,0,0,1,0,0,0,1,0,0,0,0,1,0,0,0,0,0,1,1,0,0,0,0,1,0,0,0,0,1,0,1,0,0,N,0,0,1,1,0,0,N
184,Dhaka,30-39,Man,Bachelors,Technical Works,3-4,Laptop,<1 yr,1,5,Y,Y,Y,0,0,1,0,0,0,1,0,1,0,0,0,0,1,1,0,0,0,1,0,0,0,1,1,0,1,1,1,1,1,1,1,1,NC,1,1,1,1,1,0,Y
185,Sylhet,20-29,Man,Bachelors,Student,4-6,Smartphone,<2 yr,1,1,N,N,N,0,0,1,0,0,0,0,0,1,1,0,0,1,0,1,0,1,1,1,0,0,1,1,1,0,1,0,1,1,0,0,1,0,NC,0,0,1,0,1,0,NC
186,Sylhet,20-29,Man,High School,Student,3-4,Smartphone,<1 yr,1,5,N,Y,N,1,0,1,0,0,0,0,0,0,1,0,1,0,0,1,0,0,0,0,0,0,0,0,1,0,0,0,1,0,0,0,1,0,NC,0,0,0,0,1,0,N
187,Sylhet,20-29,Man,Bachelors,Student,3-4,Smartphone,<6 mn,1,2,N,N,N,0,0,1,0,0,0,0,0,1,1,0,1,0,0,0,0,0,1,0,0,0,0,1,0,0,0,0,0,1,0,0,0,0,NC,0,0,0,0,0,0,NC
188,Sylhet,20-29,Man,Bachelors,Student,1-2,Smartphone,<1 yr,2,5,N,N,N,0,0,1,0,0,0,0,0,1,1,0,1,0,0,1,0,0,0,0,0,0,0,1,0,0,0,0,1,0,0,0,0,0,N,0,1,0,0,0,0,N
189,Sylhet,20-29,Woman,Bachelors,Student,3-4,Smartphone,<1 yr,1,3,N,N,N,0,0,1,0,0,0,0,0,1,1,0,0,1,1,0,1,0,1,0,0,0,0,1,1,0,1,0,0,1,1,0,1,0,NC,0,0,0,1,0,0,N
190,Chittagong,20-29,Woman,Masters,Unemployed,3-4,Smartphone,<2 yr,1,5,Y,N,N,0,0,0,0,1,1,0,0,1,1,0,0,1,0,0,0,0,1,1,1,0,0,1,1,1,0,0,1,0,0,1,0,0,NC,0,1,0,0,0,0,NC
191,Sylhet,20-29,Man,Bachelors,Student,3-4,Smartphone,<1 yr,1,4,Y,Y,N,0,1,0,0,0,0,0,1,0,1,0,1,0,0,0,0,0,1,0,0,0,0,1,1,0,1,1,1,1,1,1,1,0,Y,1,1,1,1,0,0,NC
192,Sylhet,20-29,Man,Bachelors,Student,6-8,Smartphone,<1 yr,1,2,N,N,N,0,0,1,0,0,0,0,0,0,1,0,0,1,0,0,1,0,1,1,0,0,0,1,0,0,0,0,1,0,0,0,0,0,NC,1,1,0,0,0,0,NC
193,Sylhet,20-29,Woman,Bachelors,Student,3-4,Smartphone,<2 yr,1,5,N,Y,N,0,1,1,0,0,0,0,0,1,1,0,1,0,0,1,1,0,1,1,0,0,0,0,1,1,1,0,0,1,0,0,1,0,NC,0,1,0,1,0,0,NC
194,Sylhet,20-29,Man,High School,Student,8-10,Smartphone,<2 yr,1,1,N,Y,Y,1,0,0,0,0,1,1,0,0,1,0,0,0,1,0,0,0,1,0,0,0,1,0,0,0,0,0,0,0,1,0,0,0,Y,1,1,0,0,0,0,Y
195,Chittagong,20-29,Man,High School,Student,3-4,Smartphone,<1 yr,1,1,N,N,N,0,0,1,0,0,0,0,0,0,1,0,1,0,0,0,0,0,1,0,0,0,0,1,0,0,1,0,0,0,0,0,1,0,NC,0,0,1,0,0,0,NC
196,Sylhet,20-29,Man,High School,Student,3-4,Smartphone,<1 yr,1,4,N,N,N,0,0,0,1,1,0,0,0,1,1,0,0,1,0,0,0,1,1,1,0,0,0,1,1,0,1,0,0,1,0,1,1,0,NC,0,0,0,0,0,0,N
197,Sylhet,20-29,Woman,High School,Student,1-2,Featurephone,<6 mn,1,5,Y,Y,Y,1,0,0,0,0,0,0,1,1,0,0,0,1,0,0,0,0,1,1,1,0,0,1,0,0,0,0,1,1,1,1,1,0,NC,1,1,1,0,0,0,Y
198,Sylhet,20-29,Woman,Bachelors,Student,3-4,Featurephone,<4 yr,1,5,Y,N,N,1,0,0,0,0,0,1,0,0,0,0,1,0,0,0,0,0,1,0,0,0,0,0,1,0,1,0,1,1,1,1,1,0,NC,1,1,0,0,0,0,Y
199,Sylhet,20-29,Man,Bachelors,Student,3-4,Smartphone,<2 yr,1,5,N,N,N,0,1,1,0,0,1,0,0,0,1,0,0,1,1,0,0,0,0,1,0,0,0,1,1,0,0,1,0,0,0,0,0,0,Y,0,0,0,0,0,0,Y
200,Sylhet,20-29,Man,High School,Student,12-,Laptop,<2 yr,1,5,Y,Y,Y,1,1,0,0,1,1,0,1,1,1,0,0,0,1,0,0,0,1,0,0,1,0,0,0,0,0,0,0,0,1,1,1,0,Y,0,1,0,0,1,0,N
201,Dhaka,20-29,Woman,High School,Student,3-4,Desktop,<2 yr,3,2,N,N,N,0,0,1,0,0,0,1,0,0,1,0,1,0,0,0,0,1,1,1,0,0,0,1,1,0,1,0,1,0,0,1,1,0,NC,1,0,0,1,1,1,NC
202,Sylhet,20-29,Man,High School,Student,4-6,Smartphone,<6 mn,1,2,Y,Y,Y,0,0,1,0,0,0,0,0,0,1,0,0,1,0,0,0,0,1,1,1,0,1,1,1,0,1,1,0,0,1,0,1,0,Y,0,1,1,0,1,0,N
203,Sylhet,20-29,Woman,High School,Student,4-6,Smartphone,<6 mn,1,1,Y,Y,N,1,0,0,0,0,0,0,0,0,1,0,0,0,1,0,0,0,1,0,0,1,1,0,0,0,0,0,1,1,1,0,1,0,N,0,1,0,0,0,0,N
204,Sylhet,20-29,Man,Bachelors,Student,3-4,Smartphone,<1 yr,1,4,N,Y,Y,0,1,0,0,0,1,0,0,0,1,0,1,0,0,1,0,0,1,0,0,0,0,0,1,0,0,0,1,0,0,0,1,0,NC,0,0,1,0,0,0,N
205,Sylhet,20-29,Man,Bachelors,Student,4-6,Smartphone,<2 yr,1,2,N,N,N,0,0,1,0,0,0,1,0,0,1,0,0,0,1,0,0,0,1,1,0,0,0,1,1,0,1,0,0,0,1,0,1,0,NC,0,1,0,0,0,0,NC
206,Dhaka,20-29,Man,Bachelors,Student,3-4,Desktop,<4 yr,1,5,N,N,N,0,1,0,0,0,0,0,0,1,1,0,0,0,1,0,1,0,1,0,0,0,0,1,0,0,0,0,0,0,1,1,0,0,NC,0,0,0,0,1,0,NC
207,Rajshahi,30-39,Man,Masters,Student,3-4,Smartphone,<4 yr,1,5,Y,N,Y,0,1,1,0,0,1,1,1,1,1,0,0,0,1,1,1,1,1,1,1,1,0,0,1,0,0,0,1,0,1,1,0,0,Y,0,1,0,0,0,1,N
208,Sylhet,20-29,Man,High School,Student,3-4,Smartphone,<2 yr,1,5,N,N,Y,1,1,0,0,0,1,0,0,1,1,0,0,1,1,1,1,0,1,0,0,0,0,1,1,0,0,0,0,1,0,1,0,1,NC,1,1,1,0,0,0,NC
209,Sylhet,20-29,Man,Bachelors,Student,4-6,Smartphone,<1 yr,1,5,N,Y,Y,0,0,1,0,0,0,0,0,0,1,0,1,0,0,0,0,0,0,0,0,0,0,1,0,0,0,0,0,0,0,0,1,0,Y,1,1,0,0,0,0,Y
210,Sylhet,20-29,Woman,Bachelors,Unemployed,3-4,Smartphone,<2 yr,1,2,Y,N,N,0,1,1,0,0,1,0,0,0,1,1,0,1,0,0,0,0,0,1,0,1,0,0,0,0,0,0,1,1,0,1,0,0,Y,1,1,0,0,1,0,NC
211,Sylhet,20-29,Man,High School,Student,3-4,Smartphone,<6 mn,1,1,Y,Y,Y,0,0,1,0,0,0,0,1,0,1,0,1,0,0,0,0,1,0,0,0,0,1,1,1,0,0,0,1,1,1,1,1,0,N,1,0,1,0,1,1,Y
212,Sylhet,20-29,Woman,Masters,Student,1-2,Smartphone,<4 yr,1,2,N,Y,Y,0,0,1,0,0,0,0,0,0,1,0,1,0,0,0,0,1,0,0,0,0,1,1,1,0,0,0,1,0,1,1,0,0,Y,0,0,0,1,0,0,N
213,Sylhet,20-29,Man,High School,Student,3-4,Smartphone,<6 mn,1,1,Y,Y,Y,0,0,1,0,0,0,0,0,0,1,0,0,0,1,1,0,0,1,1,0,0,0,1,1,0,1,1,1,1,1,1,1,0,Y,1,0,0,0,1,0,N
214,Sylhet,20-29,Woman,Bachelors,Student,3-4,Smartphone,<4 yr,1,5,N,N,N,0,0,1,0,1,1,0,0,1,1,0,1,0,0,0,0,0,1,1,0,0,1,1,1,1,0,0,0,1,1,1,0,0,NC,0,1,1,0,0,0,N
215,Sylhet,30-39,Woman,Masters,Teacher,4-6,Smartphone,<6 mn,1,1,Y,N,N,0,1,1,0,0,0,0,0,1,1,0,1,0,0,0,0,0,1,1,0,0,1,1,1,0,0,0,1,1,1,1,1,0,NC,1,1,1,1,0,0,N
216,Sylhet,20-29,Man,High School,Student,4-6,Desktop,<2 yr,1,5,N,N,N,0,1,0,0,1,0,1,0,0,1,0,0,0,1,0,1,0,1,1,0,0,0,0,1,0,1,1,0,1,0,0,1,0,NC,1,1,0,0,0,0,NC
217,Sylhet,20-29,Man,High School,Student,4-6,Smartphone,<1 mn,6,1,Y,N,N,0,0,0,1,0,0,0,0,0,1,0,0,1,1,0,0,1,0,0,1,0,0,0,1,0,0,0,0,0,0,1,1,0,NC,0,1,0,0,0,0,NC
218,Chittagong,20-29,Man,Bachelors,Student,1-2,Smartphone,<6 mn,1,4,Y,N,N,1,0,0,0,0,0,1,0,0,1,0,1,0,0,0,0,0,0,1,1,0,1,1,1,0,0,0,0,1,0,1,0,0,NC,0,0,0,1,0,0,NC
219,Sylhet,20-29,Man,Bachelors,Student,4-6,Tablet,<1 yr,3,5,Y,N,N,0,0,0,0,1,0,0,0,0,1,0,1,0,0,0,0,0,0,1,0,0,1,0,0,0,0,0,0,1,0,1,0,0,NC,0,0,0,0,0,0,NC
220,Sylhet,20-29,Man,Bachelors,Student,3-4,Laptop,<4 yr,1,5,Y,N,N,0,0,1,0,0,0,0,0,1,1,0,0,1,0,1,0,0,1,1,0,0,0,1,1,1,1,1,1,1,1,1,1,0,NC,0,1,1,1,0,0,NC
221,Dhaka,1-19,Man,High School,Student,3-4,Smartphone,<1 yr,1,4,N,Y,N,0,0,0,0,0,0,0,1,0,1,0,0,0,1,1,0,0,0,0,0,1,0,0,0,0,0,0,0,0,0,0,0,0,NC,0,0,0,0,0,0,NC
222,Sylhet,20-29,Man,Bachelors,Student,4-6,Smartphone,<2 yr,1,5,N,Y,Y,0,0,1,0,0,0,1,0,0,1,0,0,0,1,0,0,0,1,1,0,0,0,1,1,0,1,0,0,0,1,0,1,0,NC,1,1,0,0,0,0,N
223,Sylhet,20-29,Man,Bachelors,Student,12-,Laptop,<6 mn,3,1,N,Y,Y,0,0,1,0,0,0,1,1,1,1,0,0,1,1,0,1,0,1,1,1,0,0,0,1,0,1,1,0,1,0,0,1,1,NC,1,1,0,1,0,0,NC
224,Sylhet,20-29,Man,High School,Student,4-6,Smartphone,<6 mn,1,5,Y,Y,Y,1,1,0,0,1,1,1,0,1,0,0,0,0,1,0,0,1,1,0,1,1,0,0,0,0,0,1,1,1,1,1,1,0,NC,1,1,1,0,0,0,Y
225,Sylhet,20-29,Man,Bachelors,Student,3-4,Smartphone,<2 yr,1,5,Y,N,N,0,1,0,0,0,0,1,0,1,1,0,0,0,1,0,1,0,1,0,1,0,0,1,0,0,1,0,0,1,0,1,0,0,NC,1,1,0,1,1,0,NC
226,Dhaka,20-29,Man,Bachelors,Student,4-6,Smartphone,<6 mn,1,5,N,N,Y,1,0,0,0,0,0,0,0,0,1,0,0,1,0,0,0,1,1,1,0,0,0,1,1,1,1,0,0,1,0,0,1,0,Y,1,0,1,1,1,0,NC
227,Sylhet,20-29,Man,High School,Student,6-8,Smartphone,<1 yr,6,1,N,Y,Y,0,0,0,1,0,0,1,0,0,1,0,0,1,0,0,0,1,0,0,0,0,0,1,0,0,0,0,0,0,1,0,0,0,Y,0,1,0,0,0,0,Y
228,Dhaka,20-29,Man,Bachelors,Student,4-6,Smartphone,<1 yr,1,2,N,N,N,0,0,1,0,0,0,0,0,1,1,0,0,1,0,0,1,0,0,0,0,0,0,1,1,0,0,1,0,1,1,0,0,0,NC,1,0,1,1,1,0,NC
229,Dhaka,20-29,Man,Bachelors,Student,6-8,Smartphone,<6 mn,3,5,Y,Y,N,1,1,0,0,0,1,1,0,0,1,0,0,1,1,0,0,1,1,1,1,0,1,1,1,0,1,1,1,1,1,1,1,1,NC,0,1,0,1,1,0,Y
230,Sylhet,20-29,Man,Bachelors,Job,3-4,Smartphone,<2 yr,6,1,N,N,Y,0,0,0,1,0,0,0,0,0,1,0,1,0,0,1,1,0,1,0,0,0,0,1,0,0,0,0,0,0,1,0,1,0,NC,0,1,0,0,1,1,N
231,Sylhet,20-29,Man,High School,Student,4-6,Smartphone,<1 mn,3,5,N,N,Y,0,1,0,0,0,0,1,0,1,1,0,0,1,1,1,0,0,0,0,1,0,0,1,1,1,0,0,0,1,1,1,1,0,NC,1,1,0,0,1,0,NC
232,Dhaka,20-29,Man,Bachelors,Technical Works,3-4,Laptop,<1 yr,7,4,N,Y,N,1,0,0,0,0,0,0,0,1,0,0,1,0,0,0,0,1,1,1,0,0,0,1,1,0,0,1,1,0,1,1,1,0,NC,1,1,1,0,0,0,NC
233,Khulna,1-19,Man,High School,Student,1-2,Featurephone,<4 yr,1,5,Y,Y,Y,0,0,1,0,0,0,0,1,0,1,0,0,1,1,1,1,0,1,1,0,0,0,1,1,0,1,0,1,0,1,1,1,0,N,0,0,1,1,0,0,Y
234,Sylhet,20-29,Woman,High School,Student,1-2,Smartphone,<2 yr,1,3,N,N,N,0,1,0,0,0,0,0,0,0,1,0,1,0,0,0,0,0,1,0,0,0,0,0,1,0,0,0,1,0,0,0,0,0,NC,0,0,1,0,0,0,N
235,Sylhet,20-29,Man,Masters,Technical Works,8-10,Laptop,<6 mn,1,5,Y,Y,Y,0,0,1,0,0,0,1,0,0,1,0,0,1,1,1,1,0,1,0,1,0,0,1,1,0,1,0,1,1,1,0,1,0,Y,0,0,0,0,1,0,N
236,Mymensingh,20-29,Man,Bachelors,Student,1-2,Smartphone,<4 yr,1,5,N,Y,Y,1,1,0,0,0,0,0,1,1,1,0,0,0,1,1,1,0,1,1,1,0,0,1,1,1,0,0,1,0,1,1,1,0,NC,0,1,0,0,0,0,NC
237,Chittagong,30-39,Man,Bachelors,Doctor,8-10,Smartphone,<6 mn,3,5,Y,N,N,0,0,1,0,1,1,0,0,1,1,0,0,1,0,1,0,1,0,0,1,1,0,1,0,1,0,1,1,1,1,1,0,1,NC,1,1,1,0,0,1,NC
238,Dhaka,20-29,Man,Bachelors,Unemployed,4-6,Laptop,<2 yr,1,5,N,N,N,1,0,0,0,0,1,0,0,1,1,0,1,0,0,1,0,1,1,1,0,0,1,1,1,0,0,1,0,0,0,0,1,0,NC,0,1,0,1,1,0,NC
239,Dhaka,20-29,Man,Masters,Teacher,8-10,Smartphone,<1 yr,1,5,Y,N,N,0,1,1,0,0,0,0,0,0,1,0,0,0,1,1,1,0,0,1,0,1,0,0,1,0,0,0,1,1,0,0,1,0,Y,0,1,0,0,1,0,N
240,Dhaka,20-29,Man,Bachelors,Student,1-2,Desktop,>4 yr,1,5,Y,Y,Y,0,0,1,0,0,1,0,1,0,0,0,0,1,0,0,0,0,0,1,0,1,0,0,0,0,0,0,0,0,0,1,1,0,Y,1,0,0,1,0,0,N
241,Dhaka,20-29,Man,High School,Student,1-2,Featurephone,<2 yr,1,4,N,N,N,0,0,1,0,0,0,0,0,0,1,0,0,0,1,0,0,0,0,1,0,1,0,0,0,0,0,0,0,0,0,1,0,0,NC,0,1,1,1,0,0,NC
242,Dhaka,20-29,Man,Bachelors,Student,3-4,Smartphone,<6 mn,1,2,Y,N,N,0,0,1,0,0,0,1,0,1,1,0,0,1,0,1,0,1,1,0,0,0,1,1,0,0,0,1,0,1,1,0,1,0,NC,1,0,0,1,0,0,N
243,Dhaka,20-29,Man,High School,Student,3-4,Featurephone,<2 yr,1,1,N,N,N,1,1,0,0,0,0,1,1,1,1,0,0,1,1,1,0,1,1,1,1,0,1,1,1,0,1,1,0,1,1,0,1,0,NC,0,1,1,0,0,1,N
244,Sylhet,20-29,Woman,Masters,Unemployed,1-2,Smartphone,<6 mn,1,4,Y,Y,Y,0,0,1,0,0,0,0,0,1,1,0,1,0,0,1,0,0,1,0,0,0,0,1,1,1,1,1,0,0,0,1,0,0,Y,0,0,0,1,1,0,N
245,Sylhet,20-29,Man,Bachelors,Student,3-4,Smartphone,<1 yr,1,2,N,Y,N,0,0,1,0,0,0,0,0,0,1,0,1,0,0,0,0,0,1,0,0,0,1,1,1,0,0,0,1,0,0,1,0,0,NC,0,0,0,0,0,0,N
246,Dhaka,20-29,Woman,Bachelors,Teacher,3-4,Laptop,<4 yr,1,4,N,N,N,0,0,0,0,0,1,0,0,1,0,0,0,1,0,1,1,0,0,0,0,0,0,1,1,0,0,0,1,0,1,0,0,0,NC,0,0,0,0,0,0,N
247,Chittagong,20-29,Woman,High School,Student,3-4,Smartphone,<4 yr,1,2,N,N,Y,0,0,1,0,0,0,0,0,1,1,0,0,1,0,0,0,0,0,1,0,0,1,1,1,1,1,1,1,1,1,1,1,1,NC,0,0,0,0,0,0,N
248,Chittagong,20-29,Man,Masters,Unemployed,6-8,Smartphone,<4 yr,2,5,Y,Y,N,0,0,0,1,0,0,1,1,1,1,0,1,0,0,1,1,1,0,1,0,0,1,1,1,0,0,1,1,1,0,0,0,0,Y,0,1,1,1,1,1,N
249,Chittagong,20-29,Man,Bachelors,Student,1-2,Desktop,>4 yr,1,1,Y,N,N,0,0,1,0,0,0,1,0,0,0,0,1,0,0,0,0,0,1,0,0,0,0,0,1,0,0,0,0,0,0,0,1,0,NC,0,0,0,0,0,0,NC
250,Chittagong,20-29,Woman,Bachelors,Student,3-4,Laptop,<6 mn,1,1,N,N,Y,0,0,1,0,0,0,0,0,1,0,0,0,0,1,1,1,0,1,0,0,0,0,1,1,0,1,0,0,0,0,1,1,1,NC,0,1,1,0,1,0,N
251,Chittagong,20-29,Woman,Bachelors,Student,1-2,Smartphone,<4 yr,1,5,Y,Y,Y,1,1,0,0,1,1,1,1,1,1,0,0,0,1,0,0,0,1,1,1,0,0,1,1,0,1,1,1,1,1,1,1,0,Y,0,1,1,1,1,1,N
252,Dhaka,20-29,Man,Bachelors,Unemployed,3-4,Smartphone,<4 yr,1,5,N,N,N,1,0,1,0,0,0,1,0,1,1,0,0,0,1,1,0,1,1,0,1,0,1,1,1,0,0,0,0,1,1,1,1,0,NC,1,1,1,0,1,0,NC
253,Rajshahi,20-29,Man,Bachelors,Student,4-6,Smartphone,<2 yr,1,5,Y,Y,N,1,0,0,0,0,0,0,0,0,1,0,0,0,1,0,0,0,1,0,0,1,0,0,0,0,0,0,0,0,0,0,0,0,NC,0,0,1,0,0,0,NC
254,Chittagong,20-29,Man,Masters,Unemployed,3-4,Smartphone,<2 yr,1,3,N,N,N,0,0,1,0,0,0,1,0,0,1,0,0,0,1,0,1,0,1,1,0,0,0,0,1,1,1,0,1,0,1,0,1,0,NC,0,0,1,1,1,0,NC
255,Rajshahi,20-29,Man,Bachelors,Student,1-2,Smartphone,<2 yr,1,1,Y,Y,N,0,0,1,0,0,0,0,0,0,1,0,0,1,0,0,0,0,0,1,0,0,0,1,0,0,0,0,1,0,0,0,0,0,NC,0,0,0,0,0,0,NC
256,Sylhet,20-29,Man,High School,Student,3-4,Desktop,<4 yr,1,1,Y,Y,N,0,1,1,0,0,0,1,1,0,1,1,1,0,0,1,0,0,1,1,1,0,0,1,1,0,1,0,0,1,1,0,1,1,NC,0,0,1,1,1,0,N
257,Chittagong,20-29,Man,High School,Student,6-8,Smartphone,<6 mn,3,5,N,Y,Y,0,1,0,0,0,0,1,0,1,1,0,0,0,1,0,0,0,0,1,1,0,0,1,1,1,1,0,1,1,1,1,1,0,NC,0,0,1,1,1,0,N
258,Dhaka,20-29,Woman,Bachelors,Student,3-4,Laptop,<1 yr,1,5,N,Y,Y,0,0,0,0,0,1,0,0,0,0,1,0,1,0,1,0,0,0,0,0,0,0,0,0,1,0,0,0,0,0,1,0,0,N,1,0,1,0,0,0,N
259,Rajshahi,20-29,Man,High School,Student,4-6,Smartphone,<6 mn,1,5,Y,Y,N,0,0,1,0,0,0,0,0,1,1,0,0,0,1,0,1,0,0,1,0,0,0,0,1,0,0,0,0,1,0,0,0,0,NC,0,0,0,0,0,0,NC
260,Chittagong,20-29,Man,High School,Student,3-4,Smartphone,<2 yr,7,5,N,Y,N,0,0,0,0,0,1,0,0,1,1,0,1,0,0,0,0,0,0,0,1,0,1,0,0,0,0,0,0,0,0,0,1,0,Y,0,0,1,1,1,0,N
261,Dhaka,20-29,Man,Bachelors,Technical Works,3-4,Featurephone,<1 yr,3,4,N,N,N,0,0,0,0,1,1,0,0,1,0,0,0,0,1,1,0,0,1,1,0,0,0,1,1,0,0,0,1,1,1,1,0,0,NC,0,1,0,0,1,0,NC
262,Dhaka,20-29,Woman,Bachelors,Student,1-2,Featurephone,>4 yr,1,5,N,N,Y,0,0,0,0,1,0,0,0,1,0,0,1,0,0,1,0,1,0,0,1,1,0,1,1,0,0,0,0,1,1,1,1,0,NC,1,0,0,0,1,1,NC
263,Chittagong,20-29,Man,High School,Student,3-4,Smartphone,<2 yr,1,4,Y,N,N,1,1,1,0,1,1,0,0,1,1,0,0,1,1,0,0,0,1,1,0,0,1,1,1,0,1,0,0,0,0,1,0,0,NC,0,1,1,1,1,0,NC
264,Khulna,20-29,Man,Bachelors,Student,4-6,Smartphone,<2 yr,1,1,N,N,Y,0,0,1,0,0,0,0,0,1,1,0,0,1,0,0,0,0,1,0,0,0,0,1,1,0,1,0,0,0,1,1,1,0,N,0,1,1,1,1,1,N
265,Sylhet,20-29,Man,Bachelors,Student,4-6,Smartphone,<1 yr,1,2,Y,Y,N,0,0,1,1,0,0,0,1,1,1,0,0,1,1,0,0,0,0,1,0,0,0,1,1,0,1,1,1,1,1,1,1,1,Y,0,0,1,1,0,0,Y
266,Dhaka,30-39,Man,Masters,Business,10-12,Smartphone,<6 mn,1,5,N,N,Y,0,0,1,0,0,1,0,0,1,1,1,1,0,0,1,0,0,1,0,1,1,0,0,0,0,0,1,0,0,0,1,0,0,Y,0,0,0,1,1,0,N
267,Dhaka,20-29,Man,Masters,Unemployed,6-8,Smartphone,<1 yr,1,1,N,N,Y,0,0,1,0,0,0,1,0,1,1,0,0,0,1,1,0,0,0,1,0,0,0,1,1,0,1,1,1,0,0,1,1,0,Y,1,1,0,0,0,0,N
268,Dhaka,20-29,Man,Bachelors,Student,4-6,Smartphone,<2 yr,1,4,N,N,N,1,0,1,0,0,1,0,1,1,1,0,1,0,0,0,0,0,1,1,0,0,0,1,1,0,1,1,0,0,0,0,0,0,NC,0,1,0,0,0,0,NC
269,Khulna,20-29,Man,High School,Student,4-6,Smartphone,<6 mn,1,5,N,N,Y,1,1,1,0,0,0,1,1,1,1,0,1,0,0,0,0,1,1,1,1,0,0,1,1,0,1,0,0,1,1,1,0,0,N,0,0,1,1,0,0,N
270,Khulna,20-29,Man,High School,Student,3-4,Featurephone,>4 yr,1,4,Y,N,N,1,0,0,0,0,0,0,0,0,1,0,0,0,1,0,0,0,1,1,1,0,0,1,1,0,1,0,0,0,0,1,1,1,NC,0,0,0,0,1,0,NC
271,Khulna,20-29,Man,High School,Student,3-4,Featurephone,>4 yr,1,4,Y,N,N,1,0,0,0,0,0,0,0,0,1,0,0,0,1,0,0,0,1,1,1,0,0,1,1,0,1,0,0,0,0,1,1,1,NC,0,0,0,0,1,0,NC
272,Sylhet,20-29,Man,Bachelors,Student,4-6,Smartphone,<4 yr,1,1,Y,Y,N,0,0,1,0,0,0,0,0,0,1,0,1,0,0,0,0,0,0,1,1,0,0,1,1,1,1,0,1,0,0,0,0,0,N,0,1,0,0,0,0,N
273,Mymensingh,20-29,Woman,Bachelors,Student,3-4,Smartphone,<6 mn,1,4,N,N,N,1,0,0,0,0,0,0,0,0,1,0,1,0,0,0,1,0,0,0,0,0,1,0,1,1,0,0,0,0,0,1,1,0,NC,0,1,0,1,0,0,N
274,Mymensingh,20-29,Woman,Bachelors,Student,1-2,Smartphone,<2 yr,2,1,N,N,N,0,1,0,0,0,0,1,0,0,1,0,1,0,0,1,0,1,1,1,0,0,0,1,1,0,0,0,0,1,1,1,1,0,NC,0,0,0,0,1,0,NC
275,Dhaka,30-39,Woman,Masters,Doctor,3-4,Laptop,<2 yr,3,5,N,Y,Y,0,0,1,0,0,0,0,0,1,0,0,1,0,0,0,0,0,1,0,0,0,0,1,1,0,0,0,0,1,1,0,1,0,NC,0,0,1,1,0,1,NC
276,Chittagong,30-39,Man,Bachelors,Job,4-6,Smartphone,<1 yr,1,5,Y,N,Y,0,1,0,0,1,1,0,1,1,1,0,0,0,1,1,0,0,0,1,1,0,0,0,1,1,1,0,1,0,1,0,1,1,NC,0,0,1,1,1,1,NC
277,Dhaka,20-29,Man,Bachelors,Student,8-10,Smartphone,<1 mn,1,5,Y,N,N,0,0,1,0,0,0,0,0,1,1,0,0,0,1,1,0,0,1,0,0,0,0,1,0,1,0,0,1,1,0,1,1,0,NC,1,1,1,0,1,0,Y
278,Chittagong,20-29,Man,High School,Student,3-4,Smartphone,<6 mn,1,1,Y,Y,Y,1,1,0,0,0,0,0,0,0,1,0,1,0,0,1,1,0,1,0,0,0,0,1,1,0,1,0,0,0,1,1,1,0,NC,1,1,1,0,0,0,NC
279,Dhaka,20-29,Man,Bachelors,Teacher,6-8,Featurephone,<4 yr,1,1,Y,Y,N,0,1,1,0,0,0,1,1,1,1,0,0,1,1,1,0,1,1,1,1,0,1,1,0,0,0,0,0,0,1,1,1,1,NC,0,1,1,0,0,0,N
280,Mymensingh,20-29,Man,High School,Student,8-10,Smartphone,<6 mn,1,1,Y,N,N,1,0,1,0,0,0,1,0,1,1,0,0,1,1,1,0,0,0,0,0,0,1,1,1,1,1,1,1,1,1,1,1,0,NC,1,1,1,1,1,1,NC
281,Dhaka,30-39,Man,Masters,Teacher,3-4,Smartphone,<4 yr,3,5,N,N,Y,0,1,1,0,0,0,1,1,1,1,0,1,0,0,0,0,0,1,0,0,0,0,1,1,0,0,0,0,0,0,0,0,0,N,0,0,0,0,0,0,N
282,Dhaka,30-39,Man,Masters,Teacher,6-8,Laptop,<1 yr,4,5,Y,Y,Y,0,0,1,0,0,0,0,1,1,1,0,0,1,0,0,0,0,1,1,0,1,0,0,0,0,0,0,0,0,1,0,1,0,Y,1,0,0,0,1,0,Y
283,Dhaka,20-29,Man,Bachelors,Student,3-4,Smartphone,<4 yr,3,1,N,N,N,0,1,0,0,0,0,1,0,0,0,0,0,0,1,0,0,0,1,0,1,0,0,1,1,0,0,0,0,0,1,0,1,0,NC,0,0,0,0,0,0,Y
284,Dhaka,20-29,Man,High School,Student,12-,Laptop,<1 mn,1,1,N,N,N,0,1,1,0,0,1,0,1,0,0,1,0,0,1,0,1,0,0,1,1,1,0,0,1,1,0,0,0,0,0,0,0,0,NC,0,0,0,0,0,0,NC
285,Dhaka,20-29,Man,High School,Student,1-2,Smartphone,<1 mn,1,1,Y,Y,N,0,0,1,0,0,0,0,0,0,1,0,0,0,1,0,0,1,0,0,0,0,1,1,0,0,0,0,1,0,1,0,0,0,NC,0,0,1,0,0,0,NC
286,Dhaka,30-39,Man,Bachelors,Unemployed,3-4,Laptop,<2 yr,1,1,Y,Y,Y,0,0,1,0,0,0,1,1,1,1,0,0,0,1,0,0,1,0,0,0,0,0,0,1,0,0,0,0,0,0,0,1,0,Y,0,0,1,0,0,0,N
287,Rongpur,20-29,Woman,High School,Student,3-4,Desktop,<4 yr,1,3,N,Y,Y,1,0,0,0,0,0,0,0,1,1,0,0,1,0,0,1,0,1,0,0,0,0,1,1,0,0,0,0,0,1,0,1,1,N,0,0,1,0,0,0,N
288,Rongpur,20-29,Woman,Bachelors,Student,3-4,Featurephone,<4 yr,1,5,Y,Y,Y,0,0,0,0,1,0,0,1,0,1,0,1,0,0,0,0,0,1,0,0,0,0,1,1,0,1,0,0,1,1,1,1,0,Y,0,0,1,1,0,0,N
289,Rongpur,20-29,Woman,Bachelors,Student,4-6,Featurephone,<1 yr,1,5,Y,Y,Y,0,0,1,0,0,0,0,1,0,1,0,0,1,1,1,0,0,1,0,1,0,0,1,1,1,1,0,0,1,1,1,1,0,Y,0,1,1,1,0,1,N
290,Rongpur,20-29,Man,Bachelors,Student,12-,Smartphone,<1 mn,1,2,Y,Y,N,1,0,1,0,0,1,0,0,1,1,0,0,1,0,1,1,0,1,0,0,0,0,1,1,1,0,1,0,1,0,1,1,0,Y,1,1,1,0,0,0,N
291,Mymensingh,20-29,Woman,Bachelors,Student,3-4,Smartphone,<2 yr,1,1,N,N,N,0,0,0,0,0,1,0,0,1,1,0,0,1,0,1,0,1,0,0,1,0,0,1,1,1,0,0,0,0,0,1,1,1,NC,0,0,0,1,1,0,N
292,Rongpur,20-29,Man,Bachelors,Student,6-8,Smartphone,<6 mn,6,1,Y,Y,N,0,0,0,1,0,0,0,0,1,1,0,1,0,0,0,0,0,1,0,0,0,0,1,1,1,1,0,0,1,1,1,0,0,Y,0,0,0,1,0,0,N
293,Rongpur,20-29,Man,Bachelors,Student,3-4,Smartphone,<6 mn,1,1,N,Y,Y,0,0,1,0,0,0,0,0,1,1,0,0,0,1,0,1,0,0,0,0,1,0,0,0,0,0,1,0,0,0,0,0,0,Y,0,0,1,1,1,0,Y
294,Rongpur,20-29,Woman,Bachelors,Student,1-2,Smartphone,<1 mn,1,2,N,Y,Y,0,0,0,0,0,0,0,0,0,1,0,0,1,0,1,0,0,0,0,0,0,0,0,0,1,0,1,0,0,0,0,0,0,Y,1,1,0,0,0,0,N
295,Rongpur,20-29,Woman,High School,Student,3-4,Desktop,<6 mn,1,4,N,N,N,0,0,0,0,0,1,0,0,0,1,0,1,0,0,1,0,0,0,0,0,0,0,0,1,0,0,0,0,0,1,0,0,0,NC,0,0,0,0,0,0,NC
296,Rongpur,20-29,Woman,Masters,Homemaking,12-,Laptop,<6 mn,1,1,N,N,N,0,0,0,0,0,0,0,0,1,0,0,0,1,0,0,0,0,1,0,0,0,1,1,1,0,0,0,0,1,0,0,1,1,Y,0,0,0,0,0,0,N
297,Dhaka,20-29,Woman,High School,Student,3-4,Desktop,<1 yr,4,5,Y,N,Y,1,1,1,0,1,1,1,0,0,1,0,1,1,0,1,1,0,1,1,0,0,1,1,1,1,1,0,1,1,0,1,1,1,Y,1,0,1,1,1,1,N
298,Chittagong,20-29,Man,High School,Student,1-2,Smartphone,<4 yr,6,1,Y,Y,Y,0,0,0,1,0,0,0,1,0,0,0,0,1,0,1,1,0,0,1,0,0,0,1,1,0,1,0,0,1,1,0,1,0,Y,0,0,0,1,1,1,N
299,Chittagong,20-29,Man,High School,Student,4-6,Smartphone,<2 yr,1,5,N,N,Y,0,0,1,0,0,0,0,0,1,1,0,0,1,0,1,0,0,1,1,1,0,0,1,1,0,1,1,1,1,1,0,1,0,NC,0,0,0,1,1,0,NC
300,Dhaka,20-29,Man,High School,Student,4-6,Featurephone,<2 yr,1,5,N,N,N,1,1,1,0,1,1,1,1,1,0,0,0,0,1,1,0,0,1,1,0,0,1,1,1,1,1,1,1,1,1,1,1,1,Y,1,1,1,0,1,0,NC
301,Rongpur,30-39,Woman,Masters,Teacher,3-4,Smartphone,<1 mn,1,5,N,N,Y,0,0,1,0,0,0,1,0,1,1,0,0,1,0,1,0,1,1,0,1,0,1,1,1,0,1,1,0,1,0,0,1,0,NC,0,1,0,0,0,0,N
302,Rongpur,20-29,Man,Bachelors,Student,4-6,Smartphone,<2 yr,1,1,Y,Y,Y,0,0,1,0,0,0,0,0,0,1,0,1,0,0,0,1,0,0,0,0,0,1,0,1,0,0,0,1,0,0,0,0,0,Y,1,1,1,0,1,0,Y
303,Rongpur,20-29,Woman,Bachelors,Student,4-6,Smartphone,<1 yr,2,5,N,N,N,0,0,1,0,0,0,0,0,1,1,0,1,0,0,0,0,1,0,0,0,0,0,1,0,0,0,0,1,1,1,1,1,0,N,0,0,0,1,1,0,N
304,Rongpur,20-29,Man,Bachelors,Student,6-8,Smartphone,<1 yr,1,5,N,Y,Y,0,1,0,0,0,1,0,0,0,1,0,0,1,1,0,0,0,0,1,0,0,0,0,1,0,1,0,1,1,1,1,0,0,NC,1,1,1,0,0,0,N
305,Rongpur,20-29,Woman,Masters,Teacher,4-6,Smartphone,<2 yr,1,2,Y,N,N,0,0,1,0,0,0,1,0,0,1,0,0,1,0,0,1,0,0,1,0,0,0,0,1,0,0,0,0,1,1,1,1,0,NC,0,0,0,1,0,0,N
306,Rongpur,20-29,Man,Bachelors,Student,3-4,Smartphone,<1 yr,1,5,Y,Y,Y,0,0,1,0,0,0,0,1,0,1,0,0,1,0,1,0,0,0,1,1,0,0,1,0,0,0,0,1,1,1,1,0,1,NC,0,1,0,1,1,0,Y
307,Rongpur,20-29,Woman,Bachelors,Student,3-4,Smartphone,<2 yr,6,1,N,N,Y,0,0,0,1,0,0,1,0,1,1,0,1,0,0,1,0,0,0,0,1,0,1,0,1,0,1,0,0,0,0,0,1,1,NC,0,0,0,0,0,0,NC
308,Dhaka,20-29,Man,High School,Labor,3-4,Smartphone,<2 yr,3,1,Y,Y,Y,0,0,0,1,0,0,0,1,0,1,0,0,0,1,0,0,0,0,1,0,0,0,1,1,1,1,0,0,1,0,1,1,1,N,0,1,0,1,1,0,N
309,Rongpur,20-29,Man,Bachelors,Student,3-4,Smartphone,<2 yr,1,1,Y,Y,Y,0,0,1,0,0,1,0,0,0,1,0,0,0,1,0,0,0,1,0,0,0,0,1,0,1,0,0,1,1,1,1,1,0,Y,1,1,0,1,1,0,N
310,Rongpur,20-29,Woman,Bachelors,Student,1-2,Featurephone,>4 yr,6,1,N,Y,Y,0,0,0,1,0,0,0,1,0,0,0,1,0,0,0,0,0,1,1,1,0,0,1,1,1,1,0,1,0,1,1,1,0,N,0,1,0,1,1,0,N
311,Rongpur,20-29,Woman,Bachelors,Student,3-4,Smartphone,<2 yr,6,1,Y,Y,Y,0,0,0,1,0,0,0,0,0,1,0,1,0,0,0,0,0,1,0,0,0,0,1,0,0,0,0,0,1,0,0,0,0,N,1,1,0,0,0,0,N
312,Rongpur,20-29,Woman,Bachelors,Student,1-2,Smartphone,<4 yr,1,2,Y,Y,Y,0,0,1,0,0,0,0,0,0,1,0,0,1,0,1,1,0,1,1,1,0,0,1,1,0,1,0,1,1,1,1,1,0,Y,0,1,1,1,1,1,N
313,Rongpur,20-29,Woman,Bachelors,Student,1-2,Smartphone,<2 yr,1,5,Y,Y,Y,1,1,0,0,1,0,0,0,0,1,0,1,0,0,0,0,0,1,1,0,0,0,1,1,0,1,0,0,0,1,0,1,1,N,1,1,1,1,1,1,Y
314,Rongpur,20-29,Man,High School,Student,1-2,Smartphone,<2 yr,1,2,Y,Y,Y,1,0,0,0,0,1,0,0,0,1,0,0,1,0,1,1,1,1,1,1,1,1,1,1,1,1,1,1,1,1,1,1,1,N,0,1,0,0,0,0,Y
315,Rongpur,20-29,Woman,Bachelors,Student,4-6,Smartphone,<2 yr,1,2,N,Y,Y,1,1,1,1,0,0,0,0,0,1,0,0,1,0,1,1,0,1,1,1,0,0,1,1,1,1,0,0,0,1,0,1,1,N,0,1,1,1,1,1,N
316,Rongpur,20-29,Man,Bachelors,Student,6-8,Smartphone,<2 yr,1,5,Y,Y,Y,0,1,0,1,0,0,0,1,1,1,0,1,0,0,1,0,0,1,0,0,0,0,1,1,1,1,1,1,0,1,1,1,0,Y,0,1,0,0,0,1,N
317,Rongpur,20-29,Man,Bachelors,Student,6-8,Smartphone,<2 yr,1,5,Y,Y,Y,0,1,0,1,0,0,0,1,1,1,0,1,0,0,1,0,0,1,0,0,0,0,1,1,1,1,1,1,0,1,1,1,0,Y,0,1,0,0,0,1,N
318,Rongpur,20-29,Woman,Bachelors,Student,1-2,Smartphone,<2 yr,1,5,Y,N,N,0,0,1,0,0,0,0,0,0,1,0,0,1,0,0,0,0,0,1,0,0,0,1,0,0,0,0,0,0,0,0,1,0,N,0,0,1,0,0,0,N
319,Rajshahi,20-29,Man,Bachelors,Student,4-6,Smartphone,<1 yr,1,5,Y,Y,N,0,0,0,0,0,1,0,0,0,1,0,0,1,1,0,0,0,1,0,0,0,0,1,1,1,0,0,1,1,0,0,1,0,Y,0,1,1,0,1,0,N
320,Rongpur,30-39,Woman,Masters,Teacher,6-8,Laptop,<2 yr,1,2,Y,N,Y,0,0,1,0,0,0,0,0,0,0,1,1,0,0,0,0,0,1,0,0,0,0,1,0,0,0,0,0,0,1,0,0,0,NC,0,0,1,0,0,0,NC
321,Rongpur,20-29,Man,Bachelors,Student,4-6,Smartphone,<2 yr,6,1,Y,Y,Y,0,0,0,1,0,0,0,1,1,1,0,1,0,0,0,0,0,1,1,0,0,0,1,1,1,1,1,1,1,0,1,0,0,Y,0,1,0,0,1,0,Y
322,Chittagong,20-29,Man,Bachelors,Student,3-4,Smartphone,<4 yr,1,2,Y,N,N,0,0,0,1,0,0,0,0,0,1,0,0,0,1,0,0,0,0,1,1,0,0,0,1,0,0,0,0,0,1,0,0,0,NC,1,0,0,0,1,0,Y
323,Rongpur,20-29,Man,High School,Student,0,Smartphone,<2 yr,1,5,Y,N,N,1,1,1,0,1,1,0,0,0,1,0,0,1,1,1,0,0,0,1,0,0,0,1,1,1,0,0,1,0,1,1,1,1,NC,0,1,0,0,1,0,NC
324,Rongpur,20-29,Man,High School,Student,3-4,Smartphone,<1 yr,1,5,Y,Y,Y,0,1,0,0,0,1,0,0,0,1,0,0,1,1,1,0,0,1,1,0,0,0,1,0,0,1,0,0,1,0,1,1,0,NC,0,0,0,1,0,0,N
325,Rongpur,20-29,Man,Bachelors,Student,1-2,Featurephone,>4 yr,1,5,N,N,N,0,0,1,0,0,0,0,1,0,0,0,1,0,0,0,0,0,1,0,0,0,0,1,1,0,0,0,1,0,0,0,0,0,Y,1,1,0,0,0,0,N
326,Mymensingh,30-39,Man,High School,Business,4-6,Smartphone,<1 mn,1,5,N,N,Y,0,1,0,0,1,1,1,0,0,0,0,0,0,1,0,0,0,0,1,0,0,0,1,1,1,0,0,1,1,0,1,1,0,NC,0,0,1,0,0,0,N
327,Rongpur,30-39,Man,Masters,Teacher,1-2,Laptop,<2 yr,1,1,Y,N,N,0,0,1,0,0,0,0,0,1,0,0,1,0,0,1,0,0,0,0,0,0,0,1,1,0,1,0,1,1,1,0,0,0,NC,0,1,1,0,0,0,NC
328,Rongpur,20-29,Woman,Bachelors,Student,4-6,Smartphone,<2 yr,1,2,N,Y,Y,1,0,1,1,0,0,0,1,0,1,0,0,1,1,1,1,0,1,1,1,1,0,1,1,1,1,0,1,0,1,1,1,0,N,0,1,1,1,0,1,N
329,Rongpur,20-29,Woman,Bachelors,Student,3-4,Smartphone,<1 yr,1,2,Y,N,N,0,0,1,0,0,0,0,0,1,1,0,1,0,0,1,0,1,0,0,0,0,1,1,1,1,0,0,1,0,1,0,1,0,N,0,0,0,0,1,0,N
330,Barisal,30-39,Man,Bachelors,Job,4-6,Smartphone,<4 yr,1,5,N,Y,Y,1,1,0,0,0,0,1,0,1,1,0,0,1,0,0,0,0,0,1,0,0,1,0,0,0,0,0,0,1,0,0,0,0,NC,1,0,0,0,1,0,Y
331,Dhaka,30-39,Man,Masters,Job,1-2,Smartphone,<4 yr,1,1,Y,Y,N,0,0,1,0,0,0,1,0,0,1,0,0,1,0,0,0,0,1,0,0,0,0,1,0,0,0,0,0,0,0,1,0,0,N,0,1,0,0,0,0,N
332,Barisal,20-29,Man,Bachelors,Student,3-4,Smartphone,<1 yr,3,4,Y,Y,Y,0,0,1,0,0,0,0,0,0,1,0,1,0,0,0,0,0,1,0,0,0,0,0,1,0,0,0,0,0,1,0,0,0,N,1,1,0,0,0,0,N
333,Barisal,20-29,Man,Bachelors,Student,3-4,Desktop,<4 yr,1,1,Y,N,N,0,0,1,0,0,0,1,0,0,0,0,0,0,1,1,0,0,0,0,0,1,0,0,0,0,0,0,1,0,0,0,0,0,NC,0,1,0,0,0,0,NC
334,Barisal,20-29,Man,High School,Student,1-2,Smartphone,<1 yr,1,1,N,N,N,1,0,0,0,0,0,0,0,0,1,0,1,0,0,0,0,0,0,0,1,0,1,0,0,0,0,0,1,0,0,0,0,0,NC,0,1,0,0,0,0,NC
335,Barisal,30-39,Man,Masters,Job,1-2,Smartphone,<4 yr,1,2,Y,Y,Y,0,0,1,0,0,0,0,0,0,1,0,0,1,0,0,0,0,1,0,0,0,1,0,0,0,0,0,0,0,1,1,0,0,N,0,1,0,0,0,0,N
336,Barisal,20-29,Man,Bachelors,Student,1-2,Tablet,<1 mn,1,1,Y,N,N,0,0,0,1,0,0,1,0,0,1,0,0,1,0,0,0,1,0,0,0,1,0,0,0,0,0,0,0,0,0,1,0,0,NC,1,1,0,0,0,0,N
337,Dhaka,20-29,Man,High School,Student,4-6,Smartphone,<1 yr,3,4,Y,N,Y,0,0,1,0,0,0,0,0,0,1,0,0,0,1,0,0,0,0,1,0,0,0,1,0,0,0,0,0,0,0,1,0,0,N,1,0,1,0,0,0,N
338,Barisal,1-19,Man,High School,Student,3-4,Smartphone,<1 yr,4,5,Y,Y,Y,0,0,1,0,0,0,0,0,0,1,0,0,1,0,0,0,0,1,1,0,0,0,1,1,0,1,0,0,0,1,1,1,0,Y,1,0,1,1,0,0,NC
339,Barisal,20-29,Man,Bachelors,Teacher,8-10,Smartphone,<6 mn,1,2,Y,Y,Y,0,0,1,0,0,0,0,0,0,1,0,1,0,0,0,0,0,0,1,0,1,0,0,0,0,0,0,0,0,1,0,0,0,Y,0,0,0,0,0,0,N
340,Barisal,20-29,Man,Masters,Job,3-4,Smartphone,<1 yr,1,4,N,N,Y,1,0,0,0,0,0,1,0,0,0,0,0,0,1,0,0,0,0,1,0,0,0,1,0,0,0,0,0,1,0,0,0,0,NC,1,1,0,0,0,0,NC
341,Dhaka,20-29,Man,Bachelors,Student,4-6,Smartphone,<6 mn,1,5,N,N,N,0,0,1,0,0,0,0,1,0,1,0,1,0,0,0,0,0,1,0,0,0,0,1,1,1,1,0,1,1,1,1,1,0,N,0,0,0,0,0,1,N
342,Barisal,20-29,Man,Bachelors,Student,12-,Smartphone,<6 mn,1,5,Y,Y,N,0,0,1,0,0,0,0,0,1,1,1,0,0,1,1,1,0,0,1,0,0,0,1,1,1,0,1,1,1,1,1,1,1,Y,0,0,1,1,1,0,N
343,Barisal,20-29,Man,Bachelors,Student,10-12,Smartphone,<6 mn,1,5,Y,Y,N,0,0,1,0,0,0,1,0,0,1,0,0,0,1,1,1,0,1,1,0,0,0,1,1,1,0,1,1,1,1,1,1,1,Y,0,1,1,1,1,0,N
344,Barisal,1-19,Man,High School,Student,0,Smartphone,>4 yr,3,5,N,N,Y,0,1,1,0,0,1,0,0,0,1,0,1,0,0,0,0,1,0,0,0,1,0,0,0,0,0,0,0,0,1,0,0,0,N,1,1,0,0,0,0,Y
345,Barisal,20-29,Man,High School,Student,1-2,Smartphone,<6 mn,1,5,Y,N,N,0,0,1,0,0,1,0,0,0,1,0,1,0,0,0,0,0,1,1,0,0,0,1,1,0,0,1,1,1,0,1,1,0,NC,0,0,0,1,1,0,Y
346,Dhaka,20-29,Woman,Bachelors,Student,3-4,Desktop,<4 yr,1,3,Y,Y,N,1,1,0,0,0,1,1,0,0,0,0,1,0,0,0,0,0,1,1,0,0,0,1,1,0,0,1,0,1,0,0,1,0,Y,0,0,1,1,0,1,N
347,Dhaka,20-29,Man,Bachelors,Student,4-6,Smartphone,<1 mn,3,5,Y,N,N,1,0,0,0,0,0,0,0,0,1,0,0,0,1,1,0,0,1,1,0,0,0,1,1,0,0,1,0,0,1,0,0,0,NC,0,1,0,0,0,0,N
348,Dhaka,20-29,Man,Bachelors,Student,3-4,Smartphone,<4 yr,1,1,N,Y,N,0,0,1,0,0,0,0,0,0,1,0,0,1,1,0,0,0,0,1,0,0,0,0,0,1,1,0,0,0,0,0,1,0,NC,0,0,0,1,0,0,NC
349,Dhaka,20-29,Man,Masters,Job,4-6,Smartphone,<6 mn,3,4,Y,N,N,0,0,0,0,0,1,1,0,1,1,0,1,0,0,0,0,0,1,1,1,0,0,1,1,0,1,0,1,1,1,1,1,0,NC,1,1,1,0,1,0,N
350,Mymensingh,20-29,Man,High School,Student,3-4,Smartphone,<4 yr,1,4,N,N,Y,1,1,0,0,0,1,1,0,0,1,0,0,1,1,1,1,0,1,1,1,0,0,1,1,0,0,0,0,0,1,0,0,1,N,0,1,1,1,0,0,N
